"","V1","V2"
"1",1.86876915678222,1.1957509889554
"2",-4.36251519069723,1.33710821329615
"3",1.73432065405659,0.940783976972662
"4",6.28469391635722,0.425102643406372
"5",-0.15794628264197,2.26919261292599
"6",5.85091750607004,-2.05325012654074
"7",-0.493001776775667,1.41864880447462
"8",-0.866777441160272,1.88345594587924
"9",-7.18755186220567,-1.05730818114162
"10",6.77747105786803,0.1343610276975
"11",6.30845935005161,0.128214930518538
"12",-5.97146110470378,1.90064826065952
"13",5.14748778797434,-0.0140671604862627
"14",-3.09058615645693,3.99886632723658
"15",6.35978754141158,-0.768174499608374
"16",-0.688225355123762,-0.31273341681179
"17",3.15664038617195,1.87224893092021
"18",-5.61013255186373,0.869676448628952
"19",-1.67942002205215,1.90437680088833
"20",-1.97321495323289,2.06302097631678
"21",5.24417078600836,0.674552601003461
"22",0.0608184850364041,-14.9816622042774
"23",-6.13540993355864,0.838101503663629
"24",-3.08938109619759,2.1627531144841
"25",2.90363044081603,1.60467532508499
"26",5.37241181771328,0.519201766771615
"27",-3.91171329911022,3.13686140806166
"28",4.11615974081375,-0.190318094415106
"29",-5.58619936124536,0.864874014309579
"30",8.25421588380138,-2.3953536671302
"31",6.14713116295451,0.301331204116906
"32",7.52933339854913,-2.03482550622191
"33",5.84590862403562,0.208910846100196
"34",-3.51992832111409,0.904170266624628
"35",-7.57013252517565,-1.3651827193344
"36",-5.73128513352376,2.34257600250214
"37",8.24532469247015,-2.59460302139162
"38",3.57153412656151,1.23272087140769
"39",-4.67858083508579,2.89703850111218
"40",-4.84651612907113,1.50225355962144
"41",4.50315858369743,0.947957261262969
"42",5.49945335359392,-1.642670605159
"43",-0.414810589741922,2.13329482216872
"44",0.0998325389349899,1.95224789766347
"45",4.42571181197158,0.342969547792726
"46",-5.12790644935512,1.36542719608239
"47",-3.64964645051727,2.33361647471877
"48",5.79866660196175,0.527284676522276
"49",-3.91627698240348,3.22741221717418
"50",-2.83051899570282,2.98355296656955
"51",-1.64520106048509,2.34667951495104
"52",-0.383280275489935,-3.8201924249707
"53",-2.47333696336909,1.80687204741333
"54",-1.53594888045702,1.88640904711638
"55",3.93498944417144,-3.30247036832611
"56",5.0231057360824,0.913028567779846
"57",5.2292134348344,-1.4926320436301
"58",-7.74237136673774,-0.537678827751658
"59",1.87393937965193,-0.0610120941797666
"60",7.56322948706778,-1.82237919340766
"61",9.2537347536323,-5.24812344890188
"62",-5.34531592876619,1.94663213762827
"63",-6.72337819574558,-1.25699300617368
"64",2.03565912066722,0.434213000068577
"65",-4.15406676795596,0.928524971545856
"66",2.66321168171458,3.57697941041203
"67",3.13287972310363,0.137329742512745
"68",-0.913264290571131,-0.0066603833038756
"69",-7.25811616260868,0.911938364251134
"70",-7.31378296995656,-0.468423212371571
"71",-7.56771342584698,0.607888013198155
"72",-5.48606368424223,0.899365900953295
"73",7.65764696917597,-2.10751242245046
"74",-3.64961167585061,1.448092871625
"75",-9.89630771564715,-3.6694050924433
"76",3.39243051090608,1.29006387765783
"77",-7.02293806345249,1.19018908130503
"78",7.54832002209048,-1.6677735403505
"79",5.32495493884982,0.430979932008634
"80",-7.97585890885049,-0.366346107297407
"81",7.35421129474227,-0.403978022491565
"82",1.33789374645364,2.8908477711098
"83",0.723465864169444,-2.04085301958913
"84",-5.5143725955868,0.744317228845735
"85",-6.57828984316292,0.740992814140705
"86",4.37370889282594,-0.648277455282966
"87",-6.09378681796996,1.01167461741718
"88",-2.41406950605873,-0.783671488665869
"89",6.3885387981921,-1.44751323843177
"90",-5.67517197040258,2.1105731420133
"91",5.48924319916579,-0.225505842678498
"92",-2.66673898540782,1.70050397425949
"93",-3.04875179710099,1.31182898507887
"94",-3.78318502191719,0.850466059460985
"95",-9.85185520546342,-7.94061093480913
"96",-4.81050838530264,2.4431910243298
"97",-0.646430617803022,3.58031737570215
"98",-6.18653815838865,3.06417635773525
"99",-1.53761298772034,3.83610807449238
"100",-3.99454200667133,1.00591202250562
"101",1.82539091696961,-0.390586053310635
"102",-0.482116197273744,1.8935516414453
"103",2.91493370913317,1.53057247501636
"104",-2.7282125532864,0.0821994104072892
"105",-2.98417844796726,1.32077778064425
"106",3.78234158963113,1.47858703763286
"107",-7.61418086890526,0.893313294850843
"108",-5.97948950997365,-6.77917823121398
"109",-3.51616758471737,-3.27707086673835
"110",-4.57449936292973,-0.476915027965891
"111",3.31948223261174,1.51964320313186
"112",-6.40465058411924,2.1104593450592
"113",-10.130388150211,-3.01086038116124
"114",5.37173032611875,-0.573789008028741
"115",-2.00879384829352,1.88075833377321
"116",-2.85722234899853,0.104841464332183
"117",-7.36393082775147,0.120238615676894
"118",1.41712294420841,1.32657894047816
"119",3.37572450536757,0.777468489760585
"120",1.98242194997275,1.18790929484702
"121",-2.17782264300017,1.75803707520139
"122",2.54547621426666,1.09458303445911
"123",3.86664969266146,1.15486765114826
"124",-7.67564185056865,-0.0783630654326822
"125",-2.3569278606818,-3.64153969407416
"126",0.804489638268239,1.91723111942052
"127",-0.520873451610611,2.77368440922964
"128",-0.219076914638374,2.33144642101722
"129",1.43818462348955,-5.40133961022241
"130",5.50211610027479,0.719480371177043
"131",-5.8550836629965,-3.31549885289855
"132",-3.04358305835625,1.43161330464027
"133",-7.53760666943334,-1.26631720106964
"134",3.03988984520371,-3.7966800571754
"135",2.61372892821053,-0.508617758675468
"136",2.16984523084564,-2.18628177563886
"137",6.27485335113857,0.463657017709839
"138",2.92228476425007,1.56177550955452
"139",5.18236302872698,0.85500482281869
"140",1.39336528296723,-0.692282618618334
"141",-8.9064343610421,-2.91613138013193
"142",-0.830986569912563,1.79782327610262
"143",9.29886184981434,-5.9261720397216
"144",8.62895900490436,-2.42116008620783
"145",5.52165700263871,-1.04607136054809
"146",0.461046900196639,-3.61678890125549
"147",-7.42371530812617,1.51100806452499
"148",9.38944653745203,-5.71164777161303
"149",-0.218551717678387,1.54762863254512
"150",1.09364856711834,1.76489021767437
"151",4.66540996937631,1.29612504290115
"152",2.9330352220723,1.38437013837982
"153",-5.58457752298014,1.89525018572859
"154",5.50441739907714,0.725429863882221
"155",-1.58212948478585,0.363207639251397
"156",5.15465472060478,1.06960593140318
"157",0.842088693861749,0.444707728187152
"158",-3.25430513871129,1.55512194173468
"159",-6.61624665348149,0.243979316953529
"160",-5.94305530314146,1.22056980113662
"161",-3.40731150243254,3.15628981586569
"162",0.619169176701111,-2.61802367789025
"163",9.18828744759025,-3.37953575241412
"164",4.68811369782582,1.05193858789291
"165",1.73831190768648,0.383317207772716
"166",2.08493499131241,2.28759690457388
"167",-2.5701071574659,1.53935701981604
"168",-5.56369628636071,0.364241924893407
"169",-0.151799906299826,1.07108494068305
"170",-2.7128435446253,2.19261913289178
"171",-1.41682101453638,1.43187537850247
"172",5.44502396222968,-1.16707964800985
"173",-5.63864048050968,2.02772021546648
"174",1.37895512357959,2.01031583532168
"175",-4.07507941881931,1.33865725014907
"176",0.41386647684976,1.89170135476177
"177",0.947858367338632,1.64066235219433
"178",1.16885850937789,1.55129345514042
"179",-2.63208684550501,1.59818540347767
"180",6.08234659445464,-1.51828424200648
"181",0.643895212913743,0.969949649749363
"182",1.94342891819009,-0.829347298807516
"183",1.83845526251051,3.35591366326235
"184",-5.71762750539623,0.802117000469541
"185",2.94316157606941,3.089707183173
"186",9.65834877668477,-7.45899643526126
"187",6.65366240951039,-1.99158850865378
"188",-5.8713584927716,-2.95058173486062
"189",-4.12137239286122,1.41176557189383
"190",-1.24835885168095,1.38144179809736
"191",-3.16676340871603,-1.43761749928629
"192",-7.39173829849259,-0.361151080721425
"193",3.22141819003827,0.0423844282340407
"194",4.64578645909143,-0.294360596841622
"195",1.69910898993946,2.21330769222366
"196",-4.36979726719137,-2.52237455132708
"197",-4.22907092943093,-0.433915929893128
"198",3.36869864861587,1.52340726854997
"199",-0.510201303357497,-0.651062615367848
"200",-0.997938098679112,3.14618028601171
"201",-5.40994944049305,0.0602595224755184
"202",-7.27191488200055,-1.70898136029533
"203",-8.58261727740105,-0.582525839481933
"204",0.925427694261412,3.13782579021838
"205",1.01973684827711,-3.20504379267593
"206",-1.45334059082901,1.10334294127417
"207",-6.44812597634721,1.47278780329423
"208",0.0640115123022438,1.92527705233759
"209",-3.29587340092541,-1.43652868825399
"210",-2.69732350930223,1.06950677470466
"211",-1.36321952334912,3.84592361827131
"212",3.48405538987378,1.80194850402704
"213",2.08896282347181,2.37840197321578
"214",1.79252662246064,2.31554849841794
"215",-0.389063968492426,0.130280621296347
"216",-7.06548588206129,0.00371854031296712
"217",-0.382414870705658,1.94859763562269
"218",-0.898297301042821,0.421814163628387
"219",-0.211990047162804,1.07021220546187
"220",2.62892135857275,-0.253703266160448
"221",0.475367973626628,1.70843037797886
"222",7.45804026416527,-2.19722880717329
"223",6.81846944313749,-0.960221465516607
"224",8.03097039962909,-1.91286434462509
"225",1.43695968706314,1.75124091200618
"226",2.93388458635001,1.53531034767834
"227",7.17978510818375,-0.625474193019756
"228",-2.27756783228588,2.06212261083396
"229",4.81964708612798,-0.371998247099027
"230",-5.49139413042272,0.638448250338964
"231",5.48117617034812,-1.61970869837452
"232",4.30922897190811,2.49098760921047
"233",-1.09314679884324,3.22369636711747
"234",-0.216402511669743,-0.135423530977735
"235",1.81695435803086,2.6360076545758
"236",-6.72973127443584,-6.39598499942895
"237",1.69507866755105,-0.938047218590079
"238",-9.59325816525723,-1.77342459595733
"239",-4.2485120199585,-0.585994966858853
"240",7.69991456400793,-1.27309062966941
"241",3.43652798127305,-0.230891320503148
"242",1.85878029962103,2.72658759191186
"243",5.73093911016659,-1.23449776152149
"244",7.64438992307011,-0.869454305928105
"245",-3.38413691626455,1.0486059246828
"246",-2.25255959293961,0.745156422899092
"247",-1.5070256187374,1.76053067360508
"248",-0.176480775046103,0.156801404927694
"249",-0.606451782108079,1.28039376782098
"250",3.26338752598035,1.5297200422131
"251",-6.64209413278638,-0.118884931253787
"252",-0.16360048077408,2.58725893937545
"253",4.51335328004196,0.722760018960602
"254",3.18720610040772,0.847310093375875
"255",4.21415563629137,-1.44118893155534
"256",4.03242325042438,1.1252358935663
"257",-2.65188384310625,1.92190057210579
"258",3.86685792396823,0.742285317492437
"259",-6.99826220206251,0.417613385454098
"260",4.53828845907912,0.850864595332297
"261",-7.58704429290021,-0.0447422643171172
"262",-2.81040257374589,1.9965584929114
"263",6.59945294012664,-11.2683590095834
"264",5.70249355759606,0.0648952163135163
"265",1.2987796191329,1.75346638819743
"266",-8.58449510855023,-2.3200218280215
"267",-6.37266132639853,-1.27049767465849
"268",5.29823895703855,-1.19836763723141
"269",0.115137927976408,0.212099267003484
"270",0.365151153135447,1.71130241003385
"271",-6.56318861241219,1.26986311474238
"272",8.00905407467221,-2.56051698212424
"273",3.28590248943625,1.26999293162654
"274",-1.10506879313941,-2.46517543707168
"275",5.64396762041353,-3.33234693792882
"276",3.92689466720945,1.86143051874568
"277",-3.26068954540126,0.365669524162973
"278",-2.98704474006354,3.21821076361296
"279",-3.26662363924196,0.970071112666631
"280",4.07100109530751,-10.0178573725109
"281",6.70000267346716,-1.29266701007494
"282",-0.450912269787643,3.26861136053575
"283",-5.38051770855787,2.16083731269178
"284",6.70341507625806,-4.99296747799302
"285",0.853048023149114,1.91709232393318
"286",-6.36533632766932,-1.05770865938299
"287",4.21697503262484,1.93712209456965
"288",0.935141874761749,2.92985476274406
"289",2.28769016847714,2.08237379126872
"290",-6.47554388495171,0.815151382529485
"291",0.582662354453202,1.91567180137546
"292",-1.28219722193995,1.84555040218966
"293",-5.75175131160128,2.35030702652082
"294",-1.80287994535008,2.08455546861354
"295",1.72798798387165,-5.7538209690616
"296",1.81246538643059,1.89521199168051
"297",8.26912019224869,-2.70120039716558
"298",-3.16589156907185,2.91099410291484
"299",7.90413921632523,-2.85205047495185
"300",2.94175683470995,1.36644010462191
"301",-1.42538469891858,2.87999200896739
"302",-3.2828505011963,1.61477056361213
"303",6.01601607506334,-0.32807443555334
"304",-1.76273859591397,3.2274823995485
"305",7.56275036083408,-1.0956534526539
"306",2.04791805371211,1.33582783774025
"307",-10.3475942297832,-3.93009702077042
"308",0.806534192665839,1.83973645566531
"309",-3.17928944884841,2.26159177894505
"310",-1.1566384518972,3.22086652566843
"311",10.2288987565471,-16.6676530739502
"312",6.91242534869662,-7.17865173250182
"313",-3.40165175798259,3.08180565338541
"314",-5.62387512440429,1.09453847244572
"315",0.358639024518792,1.87507720528448
"316",-2.45155781615451,0.241633051844481
"317",-9.93419809338684,-4.90043921049513
"318",-1.53020623900763,1.54963091513021
"319",0.611071460799701,1.38356147435106
"320",-6.11208378563392,-0.948478287981286
"321",0.28690304616273,0.744725969291092
"322",6.73244672479537,-1.75311182389625
"323",3.98119954618934,-0.205216536835016
"324",-5.18344522901227,-1.10327531683317
"325",4.39958851126962,-1.58908020248552
"326",-2.26550078238028,-8.83350738655176
"327",0.720213595154428,-0.9264688754927
"328",6.47291468186292,-1.69442123333383
"329",6.8750210550088,-1.97962737465701
"330",1.93275209452794,1.80193677290953
"331",9.33054847733449,-3.48116192170057
"332",-7.53847950288634,-1.24074934237197
"333",-1.4921271964187,3.46293083832981
"334",1.45340878512058,1.20737781729413
"335",-8.64309117560843,-0.952787400895598
"336",2.24366769568375,2.62268082033486
"337",-6.33053609432176,-1.13861843072681
"338",-3.98233458616798,2.45794473379188
"339",-0.812543908749231,0.219572882336065
"340",-1.24194934446132,1.44731936829264
"341",-7.9323486535719,0.233311347142462
"342",-5.31000351092697,-1.06200618591376
"343",-1.76666062048662,-5.41845763093951
"344",6.92009851023099,-6.28445540933402
"345",5.64936580801732,1.69213444181931
"346",7.50753089221425,-0.99472938008824
"347",-5.21590570972765,3.09466305688204
"348",-1.08918261965959,1.91606667676178
"349",5.38102839037391,-1.06188706986526
"350",-6.92759128263932,2.7216466330027
"351",1.45705067632631,-2.06685487768751
"352",6.24853907190208,-7.35798306449298
"353",-1.34039081921174,3.46290165092239
"354",9.33696448322892,-5.08022660216362
"355",-4.63671570691316,3.58235793314073
"356",8.85822661533078,-3.02239335051287
"357",-0.286773109011554,2.61840618265416
"358",5.28487467792559,-1.20802877829136
"359",-6.50159801256607,-3.0413163410532
"360",-2.64714044140722,3.41912829374615
"361",-3.0347983850727,0.326007992380647
"362",-1.91805655587672,2.83341020094689
"363",3.1843518928461,1.32643252980709
"364",-4.51745915991955,1.21513694391149
"365",-2.15092407274744,4.35320599903631
"366",2.15893256662733,1.1716310211795
"367",-2.86552083434796,-0.533157479160089
"368",1.43549676746211,0.850111279465612
"369",-6.13201898157301,0.650996155290684
"370",3.37261079422053,1.78400016437282
"371",6.44872211096712,-4.14038168974047
"372",7.2850000809645,-2.69592458800409
"373",3.04342977502354,2.0994370296658
"374",-5.06455583001703,2.67175502449038
"375",5.28550799386888,-9.33327678310773
"376",6.37323389610295,-0.892712697422607
"377",2.09058548851965,1.36294799880647
"378",-4.18017431057378,0.738040338206199
"379",-1.59360196815175,1.80739123375567
"380",-7.48833199864864,-0.645669884981068
"381",-6.4797682248525,0.810302155532056
"382",1.02368103540746,3.69406814512927
"383",-5.35371778266614,1.804034428073
"384",-4.1362005042155,0.754905214689204
"385",-5.2745852881842,1.99286302037739
"386",-3.91044994351499,1.44197395497471
"387",-2.5205044501107,3.03271515685878
"388",1.21188473194698,0.673898807171937
"389",9.43158620763328,-5.90645262767539
"390",0.679524363178179,0.806374914514845
"391",4.16161775515599,3.23522630993447
"392",4.30573113903536,1.03255003091848
"393",7.93965880759727,-3.10303660685298
"394",-6.82824954299311,1.58050877763103
"395",5.24162949359241,-0.337884588415068
"396",-9.70810080325288,-3.41135235745693
"397",-6.53247156145389,1.47792218803477
"398",5.00551238925855,1.03207538428069
"399",-3.48002427803262,1.48827177062985
"400",-8.24519264443668,-3.52164677455432
"401",-9.32462029302576,-2.42841315466561
"402",9.476333025514,-8.46838562822985
"403",5.0695876599483,-0.227966144690728
"404",0.461798701080522,0.587232598849424
"405",2.59519152226904,0.231486214195479
"406",3.17687144253573,4.38845039872969
"407",-7.95059731765412,-0.444607084562877
"408",10.2089803162555,-14.1528721696448
"409",-7.39226666294546,1.65762407106798
"410",-6.08169591303082,1.14688435724754
"411",-2.51568700905116,-6.08025244416689
"412",-0.822648030562005,1.48747809577421
"413",-7.05093412692642,0.0465590464749264
"414",0.487319502097495,2.76120221684765
"415",-6.2714866361413,0.591076406341716
"416",-3.97528900562918,-1.27806065087181
"417",-6.02701249169633,0.393654914156115
"418",-7.64799675175195,-1.83533733092867
"419",-1.61551192830753,2.02136330755104
"420",-7.43783886189293,-1.66812889811341
"421",0.52673462180965,-0.0478478591001594
"422",5.4994164521823,0.524778009206051
"423",6.99370394150313,-1.01393907003564
"424",-5.23489408877744,2.2144685248653
"425",-5.42296690571595,0.793912858552189
"426",1.16805743684467,-0.480402993953441
"427",1.97968257055168,1.55344863960987
"428",-7.77073596547809,0.971492191560164
"429",5.40474750313779,-0.855465774407627
"430",1.51017682941888,-2.08919450487608
"431",8.20871870284775,-2.30887164324426
"432",0.39395828252421,0.735243953931837
"433",-7.46693869914704,-0.632883195897892
"434",0.794399771098941,2.2182665937848
"435",-1.55381396064524,1.64856052482759
"436",-6.13123725850554,0.670378044958815
"437",-3.17601701559152,-0.38451647311239
"438",9.21597241419818,-6.16994713850179
"439",-6.04861604467486,-0.257708284791077
"440",6.12788759504006,-1.95015167066849
"441",-1.1758179499566,3.49664378628052
"442",-8.71850540149084,-0.754671529268903
"443",-2.33596989246135,-0.718834878554071
"444",0.30644742343147,2.29531329861605
"445",-5.93924303685629,-6.144109530841
"446",4.8253866248742,-1.21263352677121
"447",-2.36042196598958,2.15048880450306
"448",-6.92553594434322,-1.22423759491797
"449",-3.18045616358456,1.5028755386657
"450",-3.57996575218618,0.507150461569372
"451",-0.850890376125986,2.20171680309912
"452",7.90678719722919,-3.38169088376389
"453",0.877503281438646,0.438120104753428
"454",-2.57296166784942,3.64827069499883
"455",3.10505670261489,1.05408609412809
"456",-2.29894889267609,3.40638331361656
"457",-7.69369196448582,-0.309789805926356
"458",-7.48878908665106,-0.668092154113162
"459",3.350888881966,-0.41259934229565
"460",-3.07800355757109,1.10632906497772
"461",1.89768864875026,2.27487455674212
"462",5.34623194715757,0.881353871793605
"463",-0.38738196150786,-2.83470214868932
"464",5.501028846279,0.72065097167722
"465",-2.23872551002902,1.74878232902692
"466",7.40296823338529,-2.16735679425397
"467",-5.76662567343709,2.07401486564809
"468",-4.19193993907077,-0.304570713991287
"469",1.87924208873719,-0.13654657002497
"470",-5.81561861332795,-2.93758420841516
"471",5.96692804837918,0.524633124521244
"472",-4.29047588639094,-0.617007654344222
"473",-4.60958750279915,-1.48958203670464
"474",-8.52366301515822,-0.841131543133763
"475",6.6768002500212,-3.36563567403999
"476",6.59357704674752,-0.728658865935103
"477",4.05195999057598,-0.581270098579312
"478",1.90369328330479,2.03312619813489
"479",-2.56973237479841,4.60318989760481
"480",-6.18414469696421,0.240469158653154
"481",-3.11190476465712,-0.0523277795951606
"482",-3.01026601175352,2.68193479626143
"483",8.48441620321933,-4.41823854182101
"484",3.25887306491053,-0.177033054696092
"485",-2.62545497679556,1.14735137167216
"486",1.43118584571214,-5.8224532187122
"487",-6.37564620003851,0.553622925298702
"488",-0.0603341872627359,4.11165031906242
"489",7.59145103732848,-1.85875236835445
"490",-3.05918743994354,1.23710937095022
"491",0.600046294334446,1.70705191089848
"492",7.79092343842586,-3.27240860893719
"493",-0.4391340867585,-0.499542620789101
"494",1.35695150073017,0.792120637812809
"495",-8.64590964808703,-0.827183201366904
"496",9.26353638536376,-6.21766294547136
"497",-6.24735620272226,-0.774582125357138
"498",5.97061924090391,-0.708071597666659
"499",-2.78665741163455,-1.35760247436426
"500",-3.66755523401521,-0.68556223326384
"501",8.64190693477077,-4.26875464138058
"502",7.61364023658641,-2.10815659240449
"503",-2.65456806640438,1.39599385858683
"504",-0.613411704913045,1.31811712068034
"505",3.80009868418061,0.89570661988351
"506",-0.98657909851774,1.1359645109809
"507",1.06493741120779,3.28523624453774
"508",-3.19069418845526,0.29926186906463
"509",-4.00474392834627,-1.30370025719236
"510",-5.4038330157905,0.850739724512147
"511",-1.50589960134254,-1.22831449138872
"512",-0.844644793991574,3.11340379338139
"513",6.08083921788325,-8.65554369347764
"514",-0.0865532005579349,1.43958881709248
"515",1.93807401768513,-0.81738663918336
"516",-5.5048712067867,0.876238521771739
"517",-2.34591128969847,3.30798061251156
"518",-1.00565436785029,-1.26813808061068
"519",6.18362298323835,0.348979064155564
"520",0.536443338151311,3.52836393138026
"521",0.706189131458481,1.4423868261925
"522",-1.0831948008107,1.26883014280952
"523",0.568571573664128,2.40641760221565
"524",9.00780118513989,-7.44162641423761
"525",-2.77987627773808,0.68588465434448
"526",8.60070425983495,-4.46239006812629
"527",6.44081202761138,-0.744875867462721
"528",6.294213148323,-3.6754714436857
"529",6.47681650384637,-1.05517671151123
"530",-5.02607215179884,3.46033359883422
"531",5.76423006586568,0.65948667786968
"532",1.24251900404691,-0.0529761681704574
"533",-0.621290211194912,2.96219796334526
"534",-5.07238644997544,-2.71753213047075
"535",-7.36996607700715,0.0471536556580501
"536",-9.16824963631417,-1.19792306445652
"537",8.20936667196777,-2.55758473994312
"538",0.202915739035709,1.37104224981194
"539",9.78529818976811,-8.08808636626872
"540",-0.617348884658934,-0.0455986495915438
"541",2.03222162812628,1.23435962350875
"542",-3.25564963332568,1.64828167158601
"543",-9.34739423485159,-1.46966406100843
"544",7.58156262611277,-1.40082397016575
"545",5.55263069763684,-0.867141323976882
"546",-2.21090047504473,1.8036081250434
"547",3.7922430465702,1.17989595435957
"548",0.352498268835726,2.04266477957324
"549",1.13792897616889,1.86216843205354
"550",-4.33831619166882,1.82650227476875
"551",1.27454504679821,-0.921236169465159
"552",5.45696028358187,1.02672741655226
"553",-1.9493077508877,1.93155673744694
"554",5.38610698292559,0.118962080422036
"555",3.0905223470991,1.8661899979637
"556",-6.9066755838184,3.06428017860054
"557",-3.00573937229227,1.27486537610431
"558",0.910073946722806,2.39406391949897
"559",4.01674464150525,1.40791427568402
"560",8.25122575436574,-6.84185471262201
"561",-0.778162666140385,-2.06075646136538
"562",-5.62849715512684,0.868314483656078
"563",2.51417950723222,1.19857622515676
"564",7.9219618018841,-2.83204538791929
"565",1.7448893444577,1.96854552753006
"566",-3.19171360574989,1.57826267290152
"567",-8.19063690717404,-1.81612648337444
"568",-3.42691071401596,-0.640158533778402
"569",7.41165961128666,-0.70826283516111
"570",-0.825713624841982,1.88386888572603
"571",-5.01572128763666,1.91981712232149
"572",3.40178974446513,-2.50867240157203
"573",-5.78432178378393,0.010825047377164
"574",-8.53189923040517,-1.35597038661351
"575",-4.79639971258061,2.20560464926101
"576",7.69365835920437,-4.58681657887512
"577",2.14370889244709,3.51074421789591
"578",-2.06990147813472,0.367684845415912
"579",6.45492966285293,-0.355063718029418
"580",-5.60111645464131,1.88911507832511
"581",-9.76343951096232,-2.87774934516308
"582",-2.62596137768808,2.64068470983283
"583",-2.28542107735351,2.05633780964188
"584",1.18382584830815,1.06784991908191
"585",6.19390353698536,-1.16744313518191
"586",4.63001740757479,0.864707483571443
"587",3.18255848880618,1.4186711059553
"588",3.50088699351453,1.61125123446747
"589",6.72812785881132,-1.72271410277783
"590",-4.35897578515732,-5.6993620989086
"591",-8.97975946218934,-0.850851060861349
"592",6.85798272051508,-1.41458937444655
"593",-8.02563707467484,-0.696488447256629
"594",-9.35094825871043,-3.00312124658041
"595",5.32593234699066,0.56131838022874
"596",-7.49063916285974,-0.567784712823704
"597",6.89169770416985,-0.121930844399346
"598",-0.561293692354756,-2.7716765696782
"599",-6.720386068452,2.40307488830031
"600",5.27348775724268,-0.086454278966445
"601",5.97170058081356,-3.59394554049439
"602",-7.32280826423585,0.881486293637159
"603",2.05566402973038,1.56299403005804
"604",0.888657336951913,0.525241955669232
"605",-2.01479464532671,-0.779712495209628
"606",-1.16611263923067,1.99827215715636
"607",-8.07266411359372,-7.18930219761359
"608",5.01902087955346,2.49614503669428
"609",0.929491401343602,0.449527332333235
"610",-2.5682059211493,3.17218014291787
"611",4.70358742484199,-0.68680713968424
"612",0.729527910189074,2.07013878243241
"613",-0.375879363303555,2.97931126409354
"614",6.00131977904392,-4.61464066744476
"615",2.47197863577287,0.256945587942673
"616",-4.8777082135164,0.936186849090629
"617",-1.9536796070143,-1.22100306598024
"618",-0.828868143373844,1.45979150083434
"619",3.73932776804166,2.94739783880137
"620",-5.98921969462592,1.00223627210066
"621",0.436662854360357,2.29187876537517
"622",-2.05221665478261,1.74419414975426
"623",2.9347932960298,1.32984738631431
"624",-7.10258666741956,-1.04204777813116
"625",6.7108586754541,-1.60204374406665
"626",-7.6310056795778,-5.50250603121754
"627",-7.38371901872038,-0.432183367960351
"628",3.43437627102231,-0.729008498407701
"629",-7.2523342979841,-1.23007678682803
"630",4.32405615346874,0.993335997512887
"631",8.137201925393,-4.95201416322921
"632",6.74763397122833,-2.7185645119455
"633",-2.37862876901425,0.269498929606296
"634",-6.87734591133519,-9.65121964852043
"635",7.761992311882,-2.26866551457701
"636",2.9890383853659,1.51488229161725
"637",-1.1744183766943,1.88268911501556
"638",5.47046122281064,-2.08719244206361
"639",0.736389320437282,1.8015826720472
"640",-0.37883168500809,-0.250817962115364
"641",1.80548147650943,2.04560236568039
"642",-4.5123191396107,-0.315658373158227
"643",-2.80733901770392,-2.62529474446589
"644",6.53692749763856,-6.38275454359523
"645",4.51589379936428,0.67668155150886
"646",-0.614269802289586,3.18127753679939
"647",4.72312105993743,0.659755640757602
"648",-2.73316682519932,-0.477351828750023
"649",8.24939501175453,-5.98040912634523
"650",5.29960378832506,-3.7099183897223
"651",-1.2049986214613,-2.04532353858903
"652",6.35178097384352,-0.229739757187927
"653",-3.03878832256058,2.03483474745716
"654",9.34846721863047,-10.0527791439034
"655",-4.91428331927715,0.997771788198942
"656",0.359047938856581,1.87923915058506
"657",6.59691032319218,-0.777729763265365
"658",7.58498368396789,-1.850870360167
"659",-5.46938295053469,1.75782893710172
"660",-1.08282029005644,1.25832816639446
"661",7.1156158555291,-3.85488436994619
"662",3.85712961278498,1.24963317108532
"663",-3.07467257437324,1.46129708874797
"664",8.34077910544978,-3.5678623574968
"665",-1.97651631927235,-0.33478628566821
"666",-5.4755659757037,-0.33319427836016
"667",-3.44698713540417,2.02333382977615
"668",-2.77087099464691,1.09891711705779
"669",-3.30944018819271,0.158678457337632
"670",-6.84312656813625,1.31570042560416
"671",0.800291215538305,1.7863792198198
"672",-4.14521691473806,-2.48624184236876
"673",-1.17423663768067,0.52420889842751
"674",1.9077310514645,1.52617422960582
"675",-0.664516412348619,1.6733607105479
"676",-1.62978944199351,3.94154542126045
"677",-6.33119292647576,-0.922406436969493
"678",-0.596530245787283,1.94502826285017
"679",8.54354933185134,-3.80566174998459
"680",3.89652394352102,-1.17547453223613
"681",3.18691641525111,1.32345381460314
"682",0.60588077205452,1.46282684987398
"683",-6.58229578245649,3.15422798411956
"684",0.831256996241861,2.07383131408895
"685",1.15340944191958,1.8067519119488
"686",-6.0958776009073,1.0197288751671
"687",2.4128612015982,3.25702331641104
"688",6.43626121827484,-0.194110541925284
"689",-0.83166007862588,1.70114972086482
"690",-6.44806572470179,2.32318314471985
"691",-1.98506803531591,2.4654762668858
"692",1.33710886128433,0.821963732058994
"693",-5.49742478815149,-0.454588152504492
"694",3.48720620770473,1.34340175253266
"695",3.27581463806153,1.41141972031918
"696",1.10501543631717,4.01626044368341
"697",-0.220291238441535,2.04809939880852
"698",9.61683044964008,-7.96818072166097
"699",3.49079665395313,3.19703032584953
"700",0.559501393748633,2.4526839897931
"701",-0.774462898370231,-0.445580818979957
"702",1.29035540648322,-3.70466380184158
"703",7.44107084434148,0.137920666829637
"704",-0.255843609618517,3.58799209816356
"705",1.27174622619434,-0.288871062061386
"706",5.53883203446053,-1.0849888788987
"707",-6.74913664330287,-1.47641605409396
"708",-4.76921432516664,3.35410376648614
"709",9.16249174223829,-5.13831646396709
"710",-0.502711206287067,2.04121584065761
"711",7.58835193800483,-2.08459309555101
"712",1.81771120318452,1.85982731694763
"713",4.22017952002779,0.949156414457654
"714",-2.34751242087734,2.60172615028192
"715",-0.595613683987783,1.75923523573924
"716",6.70911592533921,-2.14334885247071
"717",2.079600744246,1.33110706197134
"718",3.47441901075325,-0.276450102783451
"719",6.30589318664953,-1.03581538006515
"720",-5.9536217429745,0.319259532042397
"721",5.50055750670378,0.719429430912097
"722",-5.91546967622337,1.60286206743564
"723",-4.07298374158522,1.37871122828567
"724",-5.74879309333091,0.843975417458452
"725",-5.53991167750702,-1.39523144356235
"726",1.70301013352927,2.16179264370548
"727",-3.22250322613801,3.23585133294327
"728",3.12150550573038,1.30207681566165
"729",9.81215510361818,-10.0387585644883
"730",-2.01652897008015,1.98978931640191
"731",-5.14331697005499,1.15861992385115
"732",-7.62882333698023,0.269631534120664
"733",4.91452208403037,-2.43010572845613
"734",1.16505910858984,-0.35541859316719
"735",-6.76336061663771,0.375950119043261
"736",-2.33169392099829,1.0958715921864
"737",8.26735735172559,-2.86612602569898
"738",1.45042560562573,1.72298211155028
"739",-2.1894883181352,1.75582269217705
"740",9.66889965610718,-8.01241371056058
"741",-7.56464933616241,-1.70127431141385
"742",-5.23140413215152,1.18572947283119
"743",-2.22513937241494,-6.09660695696281
"744",-0.864582363071209,2.43196056712366
"745",0.111457528190792,-2.91962246643726
"746",7.08256836607118,0.763224655985869
"747",-3.06748408056644,0.213930153134177
"748",4.05335987210162,1.04371856478237
"749",3.21733386117062,-0.23320120704409
"750",3.86377861892476,1.31137841272924
"751",-1.5725093592182,1.25747893941545
"752",2.61996554661185,2.99021161259657
"753",8.24138765350657,-2.56975103388256
"754",4.03120428510992,-0.233518443824823
"755",5.43682781653494,1.17254535553358
"756",-7.63419647292082,-1.82809446333091
"757",1.54089986457204,-2.10329646916308
"758",6.36360726705206,-1.43622092066475
"759",-5.59263972395624,1.32749653199863
"760",1.75008098205942,1.8377787512406
"761",1.93655255106403,2.77006531560103
"762",-3.6301266578509,-0.935517304381423
"763",5.34618809094194,-0.707618760062276
"764",7.6767046311579,-2.67376757338191
"765",-6.66095918813,-1.97308240248894
"766",-5.40756467015555,2.33197032009958
"767",-3.22990666808358,1.3866025251034
"768",6.19262640787695,0.428733920115729
"769",0.511321708262681,3.62103482746751
"770",-5.33772894199671,0.797433952115712
"771",7.27804201461783,-0.723716987702094
"772",-2.62489070709457,-0.0336966200087022
"773",-5.88088429910405,2.02087599984136
"774",5.82236332015928,-3.89928375818186
"775",6.24750087061772,-0.930150074404496
"776",2.01187392117738,-0.143268517631566
"777",-4.02573802128647,2.38105428063708
"778",-4.19473472803169,0.588964317653548
"779",-7.15404220932967,0.558133925511368
"780",-2.64119093781957,-0.0298270000985678
"781",-2.74862908315395,0.650812369550381
"782",5.97678977138648,-0.76822366463566
"783",-1.50802228385783,0.53438508192524
"784",3.49612796197958,-0.110164731777425
"785",-3.69170331296514,4.39031996387749
"786",-0.755756968666034,0.0441634504525672
"787",4.29367804616311,0.805015337985529
"788",-5.93383956528039,2.22985154763799
"789",-7.83496144706212,-1.48392072317282
"790",2.50210271705078,2.21412710546944
"791",0.337478323941718,1.86969774642913
"792",-6.60469756743567,-0.0473242734994339
"793",-7.05818141710854,-0.900986912593631
"794",-6.39329089632691,-2.4504705174696
"795",-5.61087216732887,-6.7043811332848
"796",1.22243321680786,-0.424464204784808
"797",-8.35994755725592,-1.68155831500504
"798",0.49882386932454,1.58780390072393
"799",-5.60735367369928,-0.547400812099357
"800",-7.03476195101365,-1.21651190844658
"801",0.852164402711153,1.25252772639008
"802",2.29937595619155,-8.5472313204204
"803",-8.23605915746007,-0.157741170509433
"804",-3.0260857494367,1.77888784569817
"805",-2.30034311439269,-0.0861118196912105
"806",-4.19016754359829,1.66008852366386
"807",1.85809529753553,0.226434898473783
"808",0.355086307485023,3.16162116345888
"809",-8.11051920622143,-7.51442780469501
"810",-2.88807770445378,-2.22281249715973
"811",7.5882674577782,-1.92963122095862
"812",-1.56622996575449,1.90992472955664
"813",-1.38492295340548,2.89381028904168
"814",-2.38530643340826,2.75064557066932
"815",3.17296404425608,2.83563189108612
"816",-3.07622663737096,3.93228500249322
"817",7.73432448994088,-3.00579124603261
"818",1.65915661418006,2.80402795777727
"819",-8.11560701603904,-1.22780823227525
"820",-9.1570979828705,-0.993695973883808
"821",2.80431602672152,2.10393019940637
"822",-0.449136835342169,1.08761392844077
"823",0.609502009307191,1.48441703960761
"824",-7.20441811715625,-1.00000507028363
"825",-2.71888929845687,1.28109204267223
"826",-2.00178052229977,3.9465461562475
"827",-4.10845985620396,1.74475521867199
"828",0.351584781355025,1.2867528682344
"829",-4.64608866302013,1.23004542804893
"830",3.74005258120281,1.72142990862976
"831",-0.512635773140382,2.27547328784066
"832",-2.39022356654086,-3.02268607845943
"833",-3.23037151216348,2.12631408536723
"834",5.87573607962048,1.4179175756336
"835",-0.600284986341476,1.33148207103031
"836",-2.90435351544622,1.46039035094356
"837",-3.99230843720362,3.11796427122784
"838",-1.40222360427462,2.07315422535695
"839",-0.768957237938229,2.76704850338344
"840",6.05821175775138,0.246509432554979
"841",-0.471879010895331,3.65317763111513
"842",0.364500858573002,1.71426516723842
"843",1.70415087990136,0.483187791615019
"844",-2.3632234328988,0.439588473795483
"845",-3.23345787628856,0.733758817247694
"846",-2.75136482587637,1.4160621283362
"847",-0.623338015566855,1.48634891759996
"848",-2.79863981285555,-2.60021666038943
"849",-0.525602316637588,3.24341062867691
"850",6.67295924094854,-0.60633368635788
"851",1.31065984121987,1.25053452671905
"852",5.60458584495189,-1.73399513039979
"853",0.235228855305913,0.884961142757774
"854",-0.997875786190561,4.8444517747256
"855",-0.406314329911217,1.38769801316771
"856",-0.741965545320637,-8.63801738892314
"857",-7.43147505976401,-0.261243524579878
"858",5.28976611300667,0.102422143155832
"859",6.34126995700917,-0.872900553950556
"860",-6.50184000290327,0.705648163556094
"861",0.406572128825974,1.97679157014216
"862",4.46691129611861,0.892099349728251
"863",3.35963600222579,0.21645695102867
"864",-4.90548449159827,1.09993244901283
"865",-1.98941693302091,1.20183521079119
"866",-9.5172409469459,-1.72853582697029
"867",0.356686002665903,1.9072717104355
"868",-5.7055901821937,0.884732047550633
"869",-7.19690100679601,-1.1361679002336
"870",-0.601339963226942,2.29231542965614
"871",-2.5670971561684,-13.9212533675021
"872",6.21806773131008,-2.04324710983756
"873",1.81596227674748,2.99933250341954
"874",-7.03552582932752,0.143818403956899
"875",-6.5531362639491,0.478745890575585
"876",-2.73681161948407,-0.512964844877163
"877",-5.92788163286868,2.26090934147702
"878",9.54434224307265,-6.72890128166479
"879",0.763401291302998,3.64035004302027
"880",-6.13973688205857,-1.27250122063
"881",8.32888797426962,-2.81920440800717
"882",6.49911887555498,-1.79262927199553
"883",1.77620314714872,1.48104151148652
"884",-3.58594405865307,-0.99999207519522
"885",0.293303049904586,3.5209510014544
"886",5.3024662568724,-0.0383288861719455
"887",-6.12681206108228,0.435441015097046
"888",-2.59472249192633,1.11526111580056
"889",-0.304304223401374,3.65404456212795
"890",-6.16168394256708,1.91052614402392
"891",5.21424936669449,0.662087175392781
"892",0.47168067761277,4.22599928355426
"893",-4.70763688394799,2.88576457691362
"894",5.07141367946223,-1.53733825888336
"895",2.9087852982367,1.59820655064602
"896",-2.24872481837513,2.96107256408025
"897",5.15934263034392,0.599448718138894
"898",-2.71124899691165,2.54355823522839
"899",-1.5904594705527,1.96712926422692
"900",-3.47767972228071,1.55886785016631
"901",4.17804459823102,-7.12934557613687
"902",0.00132551732133399,1.92328365017451
"903",-4.20276737954685,-6.14687927082039
"904",3.92426822477449,1.03465948950259
"905",-3.99503809191206,2.96384955400175
"906",6.5205882476547,-4.79617498419669
"907",6.32429220144544,-1.60925871608823
"908",0.58052514729049,0.522440645068609
"909",5.69087248201637,-0.707934228937581
"910",-5.62804761812867,-0.6691263469856
"911",-7.78248979731404,-3.55379909787607
"912",-7.40620193829371,-0.497470398590766
"913",-6.80815671781633,-0.446736056358655
"914",-0.754329586683951,1.30861348839043
"915",8.43983965118253,-3.11787641943795
"916",-5.15369601366328,0.505440394279169
"917",-2.13020131321944,2.08420078495414
"918",5.5513146074301,-2.22258844426464
"919",6.20495757511116,-0.92844153854246
"920",4.15686773436922,1.09356213135803
"921",-4.87743506049295,3.32384057286747
"922",3.23958629047958,0.779823428657382
"923",4.5519058905243,-0.166403161267164
"924",-6.21388218758502,0.596544067450425
"925",-6.26969661789134,-6.80118008913092
"926",5.36387075331197,1.63092895928278
"927",-2.18380175020989,1.068961216356
"928",3.58967010196117,-0.660513375607125
"929",7.78977744915109,-2.04875606129598
"930",-5.70086012354465,-0.0658501711797304
"931",1.16513480007616,0.855969041214124
"932",4.57692071483072,0.511560221193661
"933",7.29408601465244,-0.697663646745722
"934",6.20120167339997,0.218752553269413
"935",5.34271226059822,-0.391080811049906
"936",-5.94069180701609,-0.202653176184012
"937",-2.12515500706847,0.303793319190112
"938",9.3505993508369,-5.67193196783674
"939",6.30744017899387,-0.586695889847836
"940",1.33241002268861,2.69550617857827
"941",-6.11756269667187,1.95137520446446
"942",7.7585804754391,-2.18068733605822
"943",-6.2127397320242,-0.862938001202005
"944",-7.24470302867384,0.112909014663685
"945",5.84230452636651,2.09869240684144
"946",3.66036680273134,-1.60629650633214
"947",4.84371379817167,2.14956494732335
"948",6.00488063586389,-0.958081688823305
"949",-2.65834532896342,1.28364557800353
"950",6.04876380457338,0.569497054746217
"951",2.92374125086928,1.41568697733046
"952",7.37372753039869,-0.369597504536775
"953",-5.75068619135323,-0.553981902035083
"954",-4.73273735989774,2.7994504461459
"955",8.31869756657123,-2.52614869697514
"956",-1.40858385839871,2.72576476417425
"957",4.47405701164007,0.83755522744946
"958",0.475942267055034,1.80586790822315
"959",-0.187412467900569,0.0293961823161506
"960",4.81035084702219,1.02589452506514
"961",1.40766196024826,1.32547275557512
"962",1.76529501558377,-0.255201840789415
"963",-7.22418227004334,-5.98134699150468
"964",7.16563903940316,-1.65550301721437
"965",3.14377199187347,1.24623649090024
"966",9.00821262298724,-2.61701038033989
"967",-2.64688412686657,2.07657648369095
"968",-3.21493407497247,1.47005967838679
"969",-7.31002986324578,0.133683164534779
"970",-1.66292636719649,3.46516638268384
"971",1.51041793027597,1.80135355193625
"972",7.41517662740301,-0.505265246159643
"973",-0.0634780090825088,1.87288934426583
"974",8.28959626561219,-2.5564335704669
"975",0.43061041085996,-1.57175611769493
"976",1.50581416454512,0.0541866551298352
"977",-7.67449809271432,-1.99259147093563
"978",-1.03552068503593,1.69551437687394
"979",5.64728441394066,-6.65897435959471
"980",-5.85726656546686,0.613474797484399
"981",1.91173090402361,0.446316320656454
"982",4.50691201737831,0.142709427276239
"983",2.49688595622476,-0.45285210294561
"984",4.10167979161567,-3.1091054173494
"985",-3.23443138247541,1.61346574988183
"986",0.612559806658357,1.19095271426027
"987",-7.75972618066337,-0.721150859799863
"988",6.28602884613439,-0.839299837044407
"989",-2.30212633561276,2.25178656632409
"990",3.31142542518192,-0.0218727045999902
"991",7.85049758436966,-1.04139601565
"992",7.98071882158262,-0.827861353258302
"993",3.20287466913096,0.218006090192395
"994",-1.46977763681245,2.15758759867419
"995",6.16363770851078,-0.794810332219983
"996",1.41136856641317,0.445495287640532
"997",0.444930788163196,2.35194451872212
"998",3.51747370989197,-0.0968329943866293
"999",-2.7259652696183,2.02390523144499
"1000",-7.31764609238974,0.40722070131864
"1001",-2.35307560547562,2.60283525396284
"1002",7.4968038274586,-14.1348001812883
"1003",-0.086097304862188,2.33017802214595
"1004",8.45846318938882,-2.83370968819636
"1005",-3.81829462111926,1.35354876534683
"1006",1.18074605843635,1.82397564255157
"1007",5.81340695826823,-4.65351994385515
"1008",-2.68958874507706,1.10954835716714
"1009",-0.141851892954402,3.46363584479097
"1010",3.75764342463051,1.85848249161016
"1011",-6.21437607739719,-2.65602968576431
"1012",3.26335104080176,0.506426389763411
"1013",6.091404165651,0.465139629315975
"1014",-2.11298566105698,2.83846255723809
"1015",1.14107324825224,1.82814724752774
"1016",-2.96436970527972,2.99223394127084
"1017",1.22615328720693,2.71021611663847
"1018",-2.93756036506754,0.218409042116652
"1019",-8.60312683207213,-0.260567656756547
"1020",7.39970291449552,-2.22767039724401
"1021",6.85353556450619,-4.12487343903706
"1022",-1.18740076759206,-6.05994713428209
"1023",-1.72249385586895,-2.08908895067291
"1024",6.86371506426521,-1.54494327805672
"1025",1.32340511049526,3.06958362569185
"1026",1.73093230666506,-0.363019955904034
"1027",5.96131112097178,-5.23411050571238
"1028",-4.97330504513702,0.104594208017044
"1029",-2.6537059995476,1.70986217766057
"1030",8.42798048880234,-1.45802271571406
"1031",5.53095703473476,0.27496616285464
"1032",-4.80100015004049,2.18654072996808
"1033",7.92248374771994,-0.707272766612666
"1034",-0.32433461475302,4.2350547707476
"1035",4.11962632116901,-1.23379781294242
"1036",-2.76983072109565,-1.25969719611405
"1037",4.57134698847225,-0.0296267002868812
"1038",-2.80861955487619,0.501967228977992
"1039",1.03799273629691,2.21898836962661
"1040",0.442809002907681,3.25210952945457
"1041",-7.41095405174042,-0.0607428816823197
"1042",0.639671237651452,0.467863756630269
"1043",-7.22992825356427,0.122752078627343
"1044",1.79348365284317,2.10994385976712
"1045",7.07802114225761,-0.757072357651256
"1046",-2.3685521533477,0.0429348055080703
"1047",-1.42684977659531,1.64519100005009
"1048",-4.58312409516606,2.25914421176812
"1049",-0.838772725673178,2.44311818986296
"1050",-7.06014992141362,0.0439794036276689
"1051",5.89435859041397,0.533626040725859
"1052",1.72446121985905,1.76502704833652
"1053",-2.56373414999361,1.74748538440034
"1054",3.07583649748955,1.10332740795209
"1055",-6.95537063726616,0.0948347560736112
"1056",1.70638957125207,1.89906780134036
"1057",5.6605298576459,-1.84356953587882
"1058",1.74787900853911,1.90304131220762
"1059",-9.00595948633215,-5.698479805966
"1060",5.71416150740846,-0.874225212407062
"1061",-0.752074510110108,2.28653643371376
"1062",-2.06533433737307,1.60542938017564
"1063",3.83352028321474,0.901682024775245
"1064",-5.94998057991776,0.575735161241927
"1065",10.1953010302976,-14.3430851004424
"1066",5.47691196996081,0.891760707576579
"1067",-6.52920599859695,0.767177816673219
"1068",-7.44035164661739,-2.32467358401761
"1069",-1.56018609530232,1.88750307339134
"1070",5.88481460277546,0.191190696570371
"1071",-2.26300905447609,-10.6265210842191
"1072",-6.39572578539577,1.50076839738556
"1073",2.04742809106125,1.78451549529722
"1074",6.2460358596963,-0.832756406485514
"1075",-8.8051695817198,-0.208782437734078
"1076",5.92324931676943,-5.49734617054847
"1077",7.34544643473368,-0.152514807159246
"1078",1.3198306603607,2.841266123308
"1079",5.31101631762357,0.78044781250123
"1080",4.37890565578112,-1.24444051008686
"1081",1.11687558686372,0.545978080789082
"1082",1.69139005237674,2.14270845487353
"1083",-3.22753742270044,1.91148873995322
"1084",-6.67962622627965,-5.01400092900576
"1085",5.29097303071462,-8.69417587903042
"1086",7.49647269268851,-1.20482627721679
"1087",3.56695043279151,-0.54571591940734
"1088",-6.57624258573448,3.10730387640706
"1089",-3.34783161864424,1.8199577368765
"1090",-1.29954028040111,-1.62461483333562
"1091",-5.09461979250426,3.73352653871233
"1092",0.261918313893596,2.76920114872713
"1093",1.71084352708944,0.473135087703033
"1094",4.16408442659531,0.496786856495113
"1095",-0.626187627512992,3.56423813321812
"1096",2.95305986235488,1.27174613981412
"1097",-3.28026266227363,1.48158356942067
"1098",1.42604786357952,-2.89933640013543
"1099",5.14492548679222,0.640200095554377
"1100",-6.94068957037172,1.08111525405785
"1101",5.57907906528336,0.0446760179734437
"1102",4.83526355626282,-3.56096835164801
"1103",-7.77058701681794,0.948345877505373
"1104",-3.38698892548039,-5.26046798450859
"1105",-8.78006693491944,-1.04256329470057
"1106",-0.0556643231990511,1.31840131301151
"1107",-4.8601910727528,1.34858377438842
"1108",5.68296887873119,-2.92303719427261
"1109",1.39518456418248,1.6446851322911
"1110",5.34071212296806,0.216238626751048
"1111",-0.406602500113938,0.896959835843591
"1112",7.93257023597448,-3.11469440944984
"1113",1.14403021332762,1.7668493493166
"1114",-3.10874546407075,3.89913040838301
"1115",-5.16261797570471,0.433785030726059
"1116",-5.08221292967925,-0.901243132157542
"1117",-1.80661284992723,1.24880767340838
"1118",-3.42405589129382,-0.964491388626241
"1119",4.35585727083732,0.991462730966082
"1120",3.46564765155416,1.26152355783325
"1121",1.6081498220624,-2.30025029711046
"1122",-0.143029465028824,1.45004870585942
"1123",4.82564313011067,-1.19249034737487
"1124",-7.53875869310142,0.757603647142197
"1125",2.88550522748222,1.28805851902889
"1126",5.87670378044879,0.129410985143188
"1127",5.40202244841297,-0.60141982528991
"1128",-6.61067373420562,-0.0407871073735666
"1129",-5.64187269730875,-1.19182589672042
"1130",1.66974404567313,1.79702786084592
"1131",-4.95271105647358,2.29538316420376
"1132",-5.56628057444294,3.15969392510781
"1133",-0.54933362394247,2.97281709652042
"1134",7.85531674498333,-3.95765664753257
"1135",-6.33662924768377,-0.847949811144336
"1136",-8.63360707974954,-1.22909145049929
"1137",-5.34216168906144,1.07878927730298
"1138",-2.16114811753603,-0.788318093635746
"1139",3.61614771706624,1.44724741872878
"1140",2.00806955706357,0.271070198560983
"1141",8.49468067669736,-4.80344125187359
"1142",4.14728674052636,-9.3802568967606
"1143",1.0862417870302,1.29089904479798
"1144",-1.56342841402357,2.17560466434476
"1145",5.28147762821818,0.0780050381747943
"1146",-1.19261698764466,3.22628171607117
"1147",5.42362283285889,0.572286100363322
"1148",6.1675642742215,-0.538456603087411
"1149",2.11542538128017,1.49849564898181
"1150",1.3675159441389,1.86180316983567
"1151",0.383677124195733,1.30568129923414
"1152",4.09099427043824,-0.587719501094662
"1153",6.78702927042809,-1.86310253895193
"1154",7.47481245337325,-0.439554099360889
"1155",2.00479042641884,2.24335901574333
"1156",-0.408264144134384,0.892534214540317
"1157",6.43178258430456,-0.660164831598462
"1158",-1.50397147473432,1.44321285486377
"1159",5.63487163497798,-0.274251806417595
"1160",2.70290377899844,1.69689706133956
"1161",7.8911789905049,-4.32652946324586
"1162",-1.91314363918946,3.55229881872317
"1163",8.64715210132337,-3.95564304154269
"1164",3.19512395730204,1.54381759134889
"1165",5.79573531469994,1.10482753814066
"1166",2.21573770958576,-1.44628011561994
"1167",3.25610809624119,1.60311836010542
"1168",4.60366205520053,-0.179301496504516
"1169",0.777049712868799,2.26221752792357
"1170",3.09058236435182,1.60916867164983
"1171",-0.0226308619705545,1.89003753275154
"1172",3.3469824186171,-0.437237918529359
"1173",-1.34625373374796,1.03650678147961
"1174",-2.64620798000798,-0.320171965623725
"1175",2.07446772367079,-0.292404667114344
"1176",5.26686372590806,0.213502955666034
"1177",7.87203507619435,-4.17348145341053
"1178",6.67490650158766,-3.50617472544331
"1179",1.74595364433577,3.45006687487596
"1180",-3.41026123106838,2.66528949573532
"1181",-6.24738796512755,0.450079699611374
"1182",0.600677359016825,0.700264161587783
"1183",8.21017401029459,-2.28909535122342
"1184",-2.09369514846666,1.85551672057374
"1185",3.38817686809508,0.840042805802291
"1186",4.09011073274749,1.39210668727279
"1187",-0.545800873192112,-0.13422389486996
"1188",6.36350056863286,0.0875641196747511
"1189",3.11605494748408,1.60164642684255
"1190",7.54572507468262,-1.60916338305621
"1191",-2.53201521061725,2.5703120443993
"1192",-5.67072100397379,-2.04261441449314
"1193",2.3176698818629,-0.754100560752283
"1194",-0.540248511359001,2.0930794244246
"1195",-1.36119403828206,1.4450582035211
"1196",0.356110387541054,1.95789406125851
"1197",-4.19101188020175,0.0221568986200202
"1198",-1.8324319783955,1.07312953942993
"1199",-6.46492614089506,0.483851408257101
"1200",-1.42061704505726,3.51687028109158
"1201",6.0743100892915,0.525149184778386
"1202",7.99586097418462,-1.31952727819564
"1203",-2.01348003140003,1.80487791737735
"1204",-5.34206106243093,0.78872159434939
"1205",7.81607191393308,-2.7075350810528
"1206",3.29572374982455,-0.0603566496796544
"1207",1.95362229453298,1.58555657847849
"1208",-7.49084645614118,-0.737313936455058
"1209",3.16745666358054,0.101510451319906
"1210",-7.509060661987,-1.48084653264393
"1211",7.51449369035634,-2.49790870830539
"1212",-4.07935961115025,0.87910126172643
"1213",7.51423803211143,-1.36574244348275
"1214",-5.848015444842,1.06257354951966
"1215",3.98070997111727,0.0108124633313278
"1216",5.93377727123479,0.381077060419877
"1217",3.78243948258508,-2.60088081939863
"1218",5.39306611896797,-4.84197363282113
"1219",-4.01047585916367,2.4496404561793
"1220",-2.55548720829156,3.06681128299885
"1221",-2.64025341892782,2.20587860041681
"1222",-2.72998153495189,-0.00867435786013432
"1223",-7.23539326021807,-1.09344334550208
"1224",7.43986533547722,-2.38427899256678
"1225",-2.10236099298067,1.3765644756183
"1226",-2.44543077583941,2.07749519157761
"1227",-2.46859095236301,0.0868353476594074
"1228",5.83599493541703,0.352162271493761
"1229",5.84191233041254,0.181365766853533
"1230",-5.01436929064018,0.996053876306405
"1231",0.275006539963262,0.589658499090634
"1232",7.0133614987667,-0.239537839398931
"1233",-0.84533488880451,2.65001115348673
"1234",-2.34223106608717,2.26794871379026
"1235",-2.40814844876032,1.96379676731559
"1236",-1.52183340877996,1.92704003936695
"1237",-0.279629168987408,2.14421864698497
"1238",-2.6551432790744,1.75477199816496
"1239",-4.91790431787301,0.746260244617757
"1240",3.78176475321883,1.26603661995855
"1241",7.40112634605152,-5.05982321505973
"1242",-0.0926533232987159,1.94860913827591
"1243",3.91715493337112,0.858694678887745
"1244",-2.33442486403966,2.76269171236511
"1245",7.63202385983258,-0.378359135538838
"1246",-3.28054902749548,1.3471444382422
"1247",-2.28102751388323,1.57386949135976
"1248",-0.35858055079021,1.50392744830916
"1249",-6.97822005676261,0.578366951002433
"1250",2.41776607972025,1.40192136042144
"1251",0.533255152296465,2.76080977356754
"1252",-8.17900871858344,-0.363637417503315
"1253",-8.51432820886176,-0.526908009373896
"1254",1.74313510947524,3.1458604587478
"1255",4.8049263526009,1.10453635207516
"1256",-2.20622303198604,-0.0274254700520473
"1257",0.534677223431904,-1.99706008621331
"1258",3.16873147780828,1.50413688672388
"1259",8.13150574701813,-2.03169321618497
"1260",-0.57574717653794,0.00739701730918176
"1261",-2.0992696023481,1.75815470779853
"1262",-9.6945745525626,-5.45810910801829
"1263",-2.49947716634646,3.30299926379342
"1264",-9.36538779074034,-1.51497631764016
"1265",-2.83856850668704,0.987029513802705
"1266",4.0143143798916,1.46639560961762
"1267",-2.33399953887849,2.1306388642051
"1268",6.03841936451486,0.820731349857042
"1269",4.25206975522957,1.10110460709057
"1270",-3.16050487157167,1.40849344202185
"1271",-7.45375652236037,-0.463739671860229
"1272",-3.16552469109856,2.44673275626289
"1273",-0.243636280403901,1.32467598935838
"1274",-3.08384508640917,0.478167912079066
"1275",-0.801792656608173,1.7327256002418
"1276",2.09529413319173,-0.470263041603559
"1277",-2.05020276087649,-0.219950992725647
"1278",9.46326308677238,-8.46478189069451
"1279",-4.15174599235039,0.812042243950687
"1280",-8.28410885615149,-2.87972278411807
"1281",1.61172937466113,-2.32519763448816
"1282",-0.832024170770583,2.51804239460371
"1283",5.51807953872778,0.590748827470859
"1284",-6.69382550462378,-0.984829638774824
"1285",-1.88837816088953,1.48509048398075
"1286",7.20064393717983,-1.82977148116656
"1287",-8.30729383687463,-0.456538027951984
"1288",-2.6336283283181,0.239207453497668
"1289",-2.57928749962897,1.24785691712084
"1290",8.50374903506781,-4.37250008657497
"1291",4.80526605851149,2.3535070858489
"1292",-0.441388322958634,0.787580067607122
"1293",-9.21579858861256,-2.14871199415413
"1294",6.01423675286461,0.897740334705272
"1295",-5.06611966751968,2.7115479592711
"1296",-1.00970635298883,3.56211280704142
"1297",-3.36823779275057,2.41699519680205
"1298",-3.03825818998927,1.76611099340354
"1299",-2.90576601812156,3.92973477184656
"1300",-2.80038122132299,0.125598349017891
"1301",1.18176966087767,1.67174036204984
"1302",1.27336327194825,1.59233446564738
"1303",-1.91831458239931,2.90871070562298
"1304",-0.753523899445015,2.26202951923023
"1305",5.74481536196503,-6.88153894113791
"1306",-6.33042382874014,0.717421654593301
"1307",-7.31151620934414,0.421795103146278
"1308",-1.40524173832511,1.35334065843002
"1309",-0.407241449715014,1.8191400044175
"1310",6.14034504937264,0.444949790761342
"1311",1.93658740658118,1.06245192895359
"1312",4.46824090717724,-0.153734935535275
"1313",-4.52440702505664,-0.0376066422272404
"1314",-9.29082018469608,-2.66468655933519
"1315",-2.67308063861883,0.932817108019542
"1316",-5.70966889213929,-1.605423224947
"1317",-4.65367757918454,-1.52746843818845
"1318",-3.12833795091597,0.0555200883577859
"1319",7.51316276344738,-0.267950944537927
"1320",0.85500100160772,1.08871774239691
"1321",6.37153377033502,-0.461657015763007
"1322",-6.60749357319663,-0.214947712273073
"1323",1.28383396940975,1.84376225019351
"1324",0.631929158882425,0.672373814919314
"1325",0.324413278194335,2.76107130254381
"1326",-2.15347110044747,-0.961625998443031
"1327",5.19147780223295,-0.458654876282228
"1328",-0.416032703316631,-1.12767588276786
"1329",6.33924185807706,0.199475397455522
"1330",0.47306498210064,1.87019825689505
"1331",-2.01161659598275,2.29591464821201
"1332",-2.49794771503578,3.24710691522315
"1333",4.40766846185063,-2.62417951652285
"1334",-7.50256304662272,-3.94883616204706
"1335",-5.70510949196789,0.578318192306652
"1336",7.39178998689144,-0.625101866524772
"1337",5.69021357878836,0.586074402646118
"1338",-2.56562382806826,2.98902016327146
"1339",7.60173196296386,-0.881183597518563
"1340",1.14487879918169,1.893645834478
"1341",1.78773171072961,-5.44697124722579
"1342",1.29757054114974,1.59460036777345
"1343",-8.91122722017203,-1.331748931308
"1344",3.98817465479985,3.47006010819842
"1345",1.0821897382555,2.1828291052629
"1346",-1.95090746339365,1.61055221040174
"1347",-5.78580703447268,0.247216344716487
"1348",-2.27568341753817,-0.169312241254681
"1349",-6.49072532109706,-3.66324934837682
"1350",-7.2018276991907,1.36946553215849
"1351",4.47172398507342,1.28583586332767
"1352",-5.61654990934673,0.849081190166409
"1353",5.85733376134666,1.84830410471837
"1354",4.3044485880746,-0.326570196853543
"1355",7.81228619419444,-2.3648337615731
"1356",-4.72563930583983,0.702776772024305
"1357",-3.20763677400603,1.94549587725917
"1358",5.52749960402406,-3.27795249221842
"1359",-5.69466918792147,-0.797421989036424
"1360",3.91223041683967,1.54946630239568
"1361",-2.2913447303338,1.73185142007424
"1362",-4.76286942890585,2.45585140676262
"1363",1.40200034778479,2.15907499242495
"1364",2.87501542559484,1.93276009755041
"1365",-7.02097192877058,0.251644190169204
"1366",7.26319035837212,0.207051007207136
"1367",-7.24797025767682,-7.80315018706628
"1368",5.991856311153,-0.822671599814171
"1369",1.95515146333365,0.0566414010686358
"1370",-2.90030274098523,1.55243412443219
"1371",-0.628680809646927,3.57989248334121
"1372",-3.8661133518039,-0.159928547704391
"1373",-5.10056372930703,2.61506023117457
"1374",-5.32448412025356,-1.22997952912135
"1375",-2.08522582134548,-3.51006308014801
"1376",3.84638823148376,1.33982000438262
"1377",5.16606863066668,0.864394989133073
"1378",5.69808429185469,-0.603014232750895
"1379",1.07335394397178,2.0446645603159
"1380",6.61172222977931,-0.554485984264421
"1381",0.898250522923266,4.40226779254585
"1382",-7.55270316587942,-1.81285156620392
"1383",-2.04478468297243,1.0912782527464
"1384",-5.0400625940307,2.1056435170021
"1385",1.21484864221888,3.06080301707138
"1386",5.58206060887765,-0.0766771517400224
"1387",1.93485642601908,0.293474222759444
"1388",-2.13891157244568,0.0670808524716463
"1389",-2.29333294179702,-1.02791845420698
"1390",1.18453532860319,3.27567968858694
"1391",7.6168407883593,-2.29960786198744
"1392",9.51792628032049,-9.039367890257
"1393",4.66368745073753,-0.578166547457752
"1394",-6.53108617549486,0.485835056060719
"1395",7.85357570049874,-2.49983840604332
"1396",1.92879654675415,1.54394174908281
"1397",0.693851666823086,3.52277619149135
"1398",-0.736901024468248,1.31463439177625
"1399",-3.46058807337025,1.48702721050676
"1400",-4.48878589997512,0.426811775741172
"1401",1.44044613772619,1.5519994566998
"1402",-2.490411337402,3.52221203165295
"1403",-3.33670876908458,4.31624749703448
"1404",6.86938123293512,-2.29089116969079
"1405",-5.265538265342,-1.45319998736944
"1406",-1.55839519733097,0.244404088200744
"1407",-5.41024596874551,-0.0361041997892522
"1408",-3.20227582962519,1.55038777924058
"1409",-0.5074992245532,1.60206751513172
"1410",-5.08975932437795,1.17044664084876
"1411",1.2684684647648,3.9967735747227
"1412",-3.21512306124147,1.7653703515443
"1413",7.40917846355589,-0.749664163679417
"1414",-8.04690328351136,-0.772809652162425
"1415",-4.63500692521543,-1.77878615489585
"1416",5.83194079051501,-1.89990478632414
"1417",-4.82336146940259,2.76776299885542
"1418",1.7499823541358,1.76329346154997
"1419",3.47735595802375,-2.50202329982124
"1420",-3.98544571110219,1.54901508265204
"1421",3.08799045678957,1.22224252111678
"1422",-4.78259125316642,2.97696743039214
"1423",6.3275535463031,0.327736170871698
"1424",2.69580840860387,3.09820246706827
"1425",-4.23351116165572,0.015049550386166
"1426",-2.98051828166846,3.1932355815234
"1427",5.53615779829011,-0.745232922639732
"1428",5.50330598623894,-0.766254657785133
"1429",1.23232437804958,2.7129619998904
"1430",0.417700628618524,2.76909456280709
"1431",-2.54075631399015,3.83994394407132
"1432",-6.50820799467693,0.58226079240489
"1433",1.56811554329251,-0.404190163130551
"1434",-3.89604526104801,1.5910949371143
"1435",0.393373010552954,1.11573653692954
"1436",0.80069671854541,1.91674471904102
"1437",-2.63232292719064,-0.310832988099252
"1438",2.92851291174298,3.31141335088704
"1439",7.21563961085322,-1.7139495766574
"1440",-1.61035259487274,2.71639358214603
"1441",-2.3729380527913,-0.145892555180484
"1442",-3.93926283907889,3.01023765822886
"1443",-2.03470383695866,-2.64264201510759
"1444",0.498433386747794,-2.05893888597482
"1445",-3.43266495695626,2.95351778053149
"1446",-9.26860596439418,-2.34455009321682
"1447",2.93841169859194,0.812722697563574
"1448",5.06405546127615,-0.443796901386536
"1449",-2.15559810794514,-0.38201401589597
"1450",-0.252202697224226,1.95597563083815
"1451",6.55350641679366,-1.05715615864006
"1452",5.26208441428335,0.257162911053065
"1453",9.58471759323588,-6.4302726619912
"1454",-5.98400132114972,1.85171642232252
"1455",5.37782147619538,-1.58022439015642
"1456",1.49170778939602,0.124412341262355
"1457",-2.67920008799389,1.38114313889088
"1458",7.82248851514613,-2.33158092304206
"1459",-4.83394179763097,1.46978261236641
"1460",-6.70500854173681,-1.50477526334299
"1461",-3.31528737376221,1.56992873444009
"1462",5.50571384673464,-1.07183604104983
"1463",-9.00139619118022,-0.607561302896642
"1464",5.09468629496799,0.31246369976828
"1465",-4.62316244400256,-1.04899774626059
"1466",-7.71506803247922,-3.81922778891767
"1467",-2.32064169290312,-2.77958953126705
"1468",-2.38354459151701,3.39793105591574
"1469",0.844941687976401,0.914268487979301
"1470",-4.4233918032543,1.02964020477421
"1471",-7.34060876052018,0.227277557721452
"1472",0.590300708683808,2.420599530343
"1473",-2.59488240526137,3.35376857081876
"1474",-3.60032905942639,2.73001437167603
"1475",-3.1445065671454,-0.848749252128937
"1476",1.77701557261158,1.02427155860323
"1477",1.15197168910514,2.71448995172544
"1478",-9.03039097382308,-0.90200205717458
"1479",2.95100996717114,1.06985693666247
"1480",1.879589746715,-0.628424754503115
"1481",7.53641989179604,-1.61600377249057
"1482",6.70116365211204,-1.47995137876915
"1483",5.61017005049054,-0.0337154013741917
"1484",-0.704525044624168,2.76858073990677
"1485",-4.30204915226707,2.34657088159721
"1486",5.34324764112546,-1.85931859566471
"1487",0.582733581461455,1.91101957842531
"1488",3.20350973366756,1.41993078187214
"1489",1.24297891510769,2.35519066045505
"1490",-6.36246912183315,0.538750039205593
"1491",-7.72428687185108,-0.461933799870759
"1492",-2.25581122449811,0.0999444317385785
"1493",6.43444875325794,0.308573705713368
"1494",4.67233244350324,0.833155714591224
"1495",0.355435279798033,1.9719588019972
"1496",3.18138116209336,1.33688211099428
"1497",-2.75714959340418,1.04521317011691
"1498",-2.20564422616117,2.13353909643432
"1499",5.17961364540873,1.19987702147852
"1500",4.61390342148701,0.496504922714897
"1501",0.302265931102285,3.66288239572761
"1502",6.38661848019682,-0.99950526169604
"1503",5.8726737704977,0.00560403622498339
"1504",0.674397174065453,1.79209047189801
"1505",0.602954274398679,1.43825515666684
"1506",-7.84315529403041,-3.65486299834202
"1507",0.377014169477466,1.73764941383197
"1508",6.00279468492806,1.05028832593204
"1509",1.33231838529436,1.12275512652661
"1510",8.66480790446482,-6.15133481492471
"1511",-0.224002878843891,2.1986515742886
"1512",3.5056144361683,-15.3170638406561
"1513",6.3010168094938,-0.97389590857722
"1514",-5.42206866209464,-2.91775607290091
"1515",5.16518883574372,0.599173182635894
"1516",-5.22947769370633,1.78816779311446
"1517",-1.88638139189196,4.47674550786482
"1518",0.0133199014408912,2.24589737033819
"1519",4.84333905493041,0.490191054728892
"1520",1.85221267276219,1.14169090359249
"1521",-1.27452390631821,2.56650737801586
"1522",5.00916119554844,0.932418206929314
"1523",4.59084182084654,0.117995992196329
"1524",0.0214920460688536,1.50398526674222
"1525",-0.436963968300252,-0.307159722720936
"1526",-2.00510643030389,2.85088726943289
"1527",0.436821556347264,2.57462812318133
"1528",0.691503979453301,2.75508111728414
"1529",-0.471994442037166,1.71686104019289
"1530",6.1108306843741,-1.93050894387262
"1531",-3.24620978382037,1.18479039006933
"1532",-3.23415699480031,1.01117084954158
"1533",-2.30184061087114,0.990875020723224
"1534",1.11730352842561,-6.48949424725682
"1535",0.584551631008754,1.86325346732606
"1536",0.521257750712385,3.47584409934078
"1537",9.05070037086847,-10.7295952756947
"1538",9.67011642490619,-7.93238567166805
"1539",6.17935667356305,-0.100184168738735
"1540",4.22071312623818,0.318182347436643
"1541",-8.29195115252932,-0.990687888204478
"1542",-5.59170063304267,1.0586045614262
"1543",-5.05393300737293,1.56343743426867
"1544",3.916655549441,1.5486735320313
"1545",3.79316422513791,1.8290018441589
"1546",0.140050202215485,1.13323029857284
"1547",-1.36589482768127,1.35820477799059
"1548",9.24202006191605,-4.85551771861556
"1549",5.24161724902924,0.687471967442765
"1550",6.31963248618024,1.00661699218812
"1551",-8.65090128307106,-0.903512823562872
"1552",2.92973029766356,0.617073995823149
"1553",-0.296957279005997,3.47373526209547
"1554",3.70028373948996,-0.794490479520076
"1555",-1.46324325856696,1.78849681259116
"1556",0.521978603410443,0.510586784138145
"1557",-4.78052174739603,2.36837619239619
"1558",3.90545586579909,0.783454364235094
"1559",4.58140230358006,0.504450097420096
"1560",5.24325990439494,0.892772626228288
"1561",-6.14215780788893,0.654118493353865
"1562",4.20309696156032,-6.46621638673949
"1563",5.35389782465984,-0.454078595082111
"1564",4.14934857911235,0.114570839115011
"1565",1.03233047891871,-5.20421174966883
"1566",5.53315288255725,-1.01592438546706
"1567",0.473943190691693,1.66245559078807
"1568",2.06164482317177,0.797321873243541
"1569",0.391823934241545,1.95407449566856
"1570",-1.90916754148619,1.93922012977279
"1571",-5.67903790048628,-1.5620614783254
"1572",-6.68026770411605,-0.149776538232237
"1573",-0.951049421057284,-1.32478756498299
"1574",6.29541976485691,0.293492440501695
"1575",7.78077362271268,-2.97658004760891
"1576",-7.25879897065416,-1.6736134742371
"1577",-4.12742008037182,4.18838867452835
"1578",6.58278516529537,-1.78143071137098
"1579",7.95721518348117,-4.87423855241639
"1580",7.89143917535292,-2.93677378356343
"1581",1.35016710267155,0.842582249004502
"1582",6.53483697053845,-1.51664140962442
"1583",-1.00004743920988,1.79255727157523
"1584",6.44195950286135,0.2856782236794
"1585",-0.782888726662242,2.03097107523711
"1586",-6.06549912197099,-7.92763709440886
"1587",5.71089585412534,-6.00792325192313
"1588",-3.9619609669239,2.04965410301558
"1589",1.36195551069678,2.6922275433374
"1590",0.528164538780484,2.07789629220058
"1591",-5.12013340400429,0.840915876444654
"1592",1.86905905436279,2.97869336491713
"1593",-3.24666478444708,1.58738471097435
"1594",1.33896361790872,0.656134181713121
"1595",-1.1962520734888,1.68407151216257
"1596",3.57755123650138,-0.59129611350968
"1597",-2.55964573929997,2.05965754235665
"1598",-5.42000343242342,1.43385330505122
"1599",-6.56003600427645,-4.01690596603207
"1600",1.42293076425692,-0.828574595206148
"1601",-5.16438658609428,2.57073981926909
"1602",-0.262342078295475,2.58914928384254
"1603",1.03309239965397,2.36152975743909
"1604",2.27976068445289,-4.25481732756784
"1605",-2.52028510271524,0.397701178036167
"1606",-7.16510847376145,1.4572241050291
"1607",-0.553807679617682,-2.3139421789396
"1608",-1.07250696131691,1.79119991135635
"1609",2.30135815339361,3.34490043459035
"1610",-4.06545412652358,2.22490632319206
"1611",-3.16998940450442,1.94767469106169
"1612",-7.39599016831048,-0.49249301322032
"1613",9.54596085135336,-6.71440392889464
"1614",-2.70616254252283,-0.844489322468876
"1615",3.39268525631723,-0.491918169800114
"1616",4.17827795563244,2.35426072231639
"1617",4.59649608613817,0.0999332611949688
"1618",2.00776105956772,1.87131058673092
"1619",3.68038959655127,2.25041513618143
"1620",0.699261844560144,0.402987200209107
"1621",1.35213482885789,3.46541518260979
"1622",-5.89674189572195,3.38448412541962
"1623",-6.00750262765844,1.66263534378458
"1624",0.517668177441019,-3.87969398523684
"1625",3.28713332449858,-0.107829449334172
"1626",-1.66175817151372,-8.60927560588285
"1627",5.52015666052451,-1.08963806920338
"1628",4.58353427711189,0.562669796655026
"1629",-7.69614657695176,-1.67490168295147
"1630",3.6794157404171,0.603474942616092
"1631",-5.47021853090634,0.76856083801203
"1632",7.35110762176237,-0.128133432917843
"1633",-2.56536581376192,1.69679960458015
"1634",1.51201623723158,0.380161817028523
"1635",7.74026848534937,-2.63625781144025
"1636",-2.38139729553198,-0.142866183499123
"1637",5.37452632935332,0.238357119149151
"1638",-0.489267776269204,1.0401826249124
"1639",1.97689132377249,-0.205620573665889
"1640",10.1500404681867,-11.7626092988963
"1641",4.91750124347374,2.54159162111796
"1642",6.38333955876592,-0.964927210829864
"1643",-5.52269566434479,2.01212334796354
"1644",0.723986312966023,2.06936134645631
"1645",6.07526979373324,-0.376049663162925
"1646",0.808362981444181,-5.38266528909554
"1647",2.99509136768991,1.78513822878161
"1648",-5.69680839345996,-1.59161992532174
"1649",1.21208270883968,-1.29772456194424
"1650",-4.24825190515025,1.35316848183454
"1651",3.23275530468823,0.676278201867347
"1652",-7.90321366020632,-0.271424497265117
"1653",-4.7209773005931,-3.44208283358326
"1654",-5.56950572559226,0.733356024560197
"1655",-3.44580798644189,3.12765366265624
"1656",3.1291271405092,1.34785905294308
"1657",-2.24506264155305,1.13770300168052
"1658",-5.77524408579403,-0.554262713862491
"1659",7.36482056100036,-1.94442976870143
"1660",-4.56901868185231,-0.856345981523482
"1661",-0.261242596145197,2.09597643137263
"1662",-6.13296977695718,0.251979482371415
"1663",-0.808675738411787,-3.22627948861028
"1664",-4.51762962426591,0.429990161622785
"1665",-5.64832450352685,-0.990410668510227
"1666",0.291236200921724,2.81761339921868
"1667",-2.49898930837765,1.69717640702632
"1668",-3.59970052371175,-0.450537274212149
"1669",-2.79741732787042,2.64843703062767
"1670",-0.823734498917288,1.48994243361897
"1671",3.52635905816244,1.45904104738403
"1672",-6.07535336295849,1.00251424187194
"1673",-2.06634381561171,-0.391677458495529
"1674",-5.72310601551005,0.829108749238343
"1675",-8.63368357741917,-0.212205180100827
"1676",5.44606329067435,-1.24004127063728
"1677",1.10786941495767,0.297301497836571
"1678",5.10632547679862,0.302353411050194
"1679",9.24148617122422,-7.73287233613251
"1680",-7.90582567792419,-0.256615681901702
"1681",-6.24315627668616,0.36452458455201
"1682",2.39866461931684,2.68523333005617
"1683",-0.543442547283086,3.74640312663328
"1684",3.52866226721207,-3.89955676278201
"1685",-3.06334138123498,1.00573419826831
"1686",4.89511816938631,1.79992755491769
"1687",1.66838914686117,0.631929524916934
"1688",1.14478258993699,1.83852793875616
"1689",-9.61662765356826,-2.58123396558524
"1690",-7.04742380050457,0.299288919250365
"1691",-3.38928209646219,1.58960261131057
"1692",-4.18699531740983,-0.710524963160794
"1693",-2.15448704010861,3.59061350872826
"1694",-7.90660062615982,-0.399736318517555
"1695",-0.413902105882847,1.14206375219694
"1696",5.52398880530548,0.582493273311858
"1697",-2.93244676510833,1.06434672491396
"1698",-1.48279330611512,1.26592016595413
"1699",0.0106530812458416,2.09556254627492
"1700",-5.90851841519536,2.24846301266016
"1701",-1.14125680654814,-0.078523306199427
"1702",-0.0825401683657377,0.265908006396884
"1703",-1.84158133559629,2.34942402607927
"1704",-7.36745726043791,-2.28623073214389
"1705",8.24566724894549,-2.74130008781918
"1706",4.40627570101027,0.734289385557785
"1707",-5.7269626214919,0.797843743244216
"1708",6.1027669340695,0.251403688964822
"1709",5.62141945578974,1.67432748305969
"1710",9.72672525570653,-8.216892729411
"1711",-2.45072200108528,1.75029040925179
"1712",-2.77308683791178,2.99461802031764
"1713",-0.279330210872716,3.25087003778579
"1714",-2.05537974986847,3.8848122813631
"1715",1.10429672273903,2.36747363514188
"1716",-7.44433797118465,0.0979836395397942
"1717",1.39341300867446,2.0387725897263
"1718",6.076339989944,-1.60389130565624
"1719",0.878935929326545,0.445070323640588
"1720",1.73973963581808,2.64209971433375
"1721",-2.64724017684046,2.11025951227938
"1722",6.29053913875216,-0.942780092184694
"1723",-4.73060640460719,2.2124906428528
"1724",6.57522033187762,-1.59125916699755
"1725",3.04058941402012,2.55857200532567
"1726",7.46435295343899,-2.598548363585
"1727",-2.05233881943513,2.46112575261896
"1728",0.587236142884919,1.92284942246494
"1729",3.58005219062719,0.919807461393291
"1730",-6.9748540106982,1.03852113328548
"1731",3.90203235709469,0.263235240092195
"1732",-4.68285069969833,0.340859899334834
"1733",1.36500455111734,2.34391406251556
"1734",-7.46992125730614,0.970410022522286
"1735",3.28711243112438,1.01892141380829
"1736",-2.32934370669933,1.71475148596591
"1737",-2.71735900701842,2.04269939196159
"1738",-5.41854578439793,-0.0447467307288953
"1739",1.86952973074044,2.58747467879685
"1740",7.16794910423089,-0.498077010649159
"1741",7.54290783180373,-1.56732091734006
"1742",0.739083596775764,3.22080228495192
"1743",5.28991817555318,0.871294828199068
"1744",-1.41559364668485,3.12809963877302
"1745",-1.11436815680028,-3.53063840562119
"1746",1.85801533236617,3.34333682572899
"1747",4.91942468309981,0.752453793616739
"1748",4.04141269892398,-1.26144351499202
"1749",-1.18496096164285,-8.06695306559063
"1750",-0.994106571249119,3.47961857978522
"1751",-0.488676976441248,-0.0974240082510494
"1752",-1.39889513153732,1.53948196057556
"1753",7.35673178385758,-2.02287970493478
"1754",4.4592009593005,1.05634751235223
"1755",5.15390716868459,2.78059235517782
"1756",-7.09431001318559,-0.0444368273639463
"1757",-8.63217962475706,-1.05578297463842
"1758",-9.68661961993229,-6.04335397818035
"1759",-9.5417815710641,-1.81487611020784
"1760",-4.4306984621199,1.49942391139906
"1761",-2.12249869470603,2.63556294113497
"1762",-5.42325777197982,0.782438156219716
"1763",0.556971785012653,2.50742782728691
"1764",-2.45977468417718,-6.97182741581874
"1765",9.73564479025044,-8.31785151619246
"1766",0.0780005257806169,4.27591783991494
"1767",5.57390551024809,0.747319239899199
"1768",3.37461512105836,1.45725945460984
"1769",-6.92924609852466,0.90602015133523
"1770",-4.42579350551466,0.531383801345185
"1771",-6.39887245276207,0.523054708827528
"1772",1.98111734114082,-1.87564049946731
"1773",0.382215527196893,3.57961313930544
"1774",-1.36340713699735,0.240872950458341
"1775",0.402735180541958,3.23843677387893
"1776",-5.27021562925018,1.78406058810707
"1777",-6.69533588362942,-0.140752464274379
"1778",-5.38084311273589,1.47876527349566
"1779",-7.02769908340838,0.269626658690775
"1780",-8.97488161116902,-0.634427888393517
"1781",4.34868373364265,-4.19489213625812
"1782",-0.823068296715582,1.91064244468569
"1783",-2.45220063896528,3.04463973027701
"1784",-6.73106219601941,0.712411254572249
"1785",-4.70378429452182,2.08737556706654
"1786",4.01244197072663,0.0390705897823413
"1787",-3.52391969041589,0.730692305602727
"1788",6.48765631831699,-2.5697690184759
"1789",3.49452950458817,-0.0330261643173182
"1790",-6.15079730998116,0.602785198548993
"1791",1.9237088001856,-0.0157180638119259
"1792",0.98946688740563,3.08504617249873
"1793",-5.69733562354933,-0.519000698022313
"1794",-0.545824619434176,1.80844326581665
"1795",6.74144184017292,-2.69026985086974
"1796",-0.469223729455968,-2.79460249676252
"1797",-6.98996428612342,0.425929646153819
"1798",-2.84858198950145,-0.867960133119817
"1799",-2.60619644242706,3.44560317429579
"1800",-6.2946182623433,0.397235611942324
"1801",-5.15167527769063,2.64074328143709
"1802",-2.651028582315,-0.329067111217333
"1803",0.800334232382932,2.95608298093984
"1804",-0.0397870100469194,-0.258321708361844
"1805",3.98812118418673,-0.573318369777186
"1806",-4.47139896108334,-3.33802215461581
"1807",0.858370139255597,-7.66172495312766
"1808",1.72149100485224,1.9566555673376
"1809",5.35918504682318,0.736001723232596
"1810",-6.70033340004638,-3.16810933725433
"1811",5.21718277765434,-15.7253950045189
"1812",-7.92057400329832,-4.38673781805865
"1813",1.37674688741517,-0.738159968498775
"1814",1.76275652642109,0.898605844052559
"1815",-5.93456049918526,2.40549788109893
"1816",5.04299015489723,0.667697433174909
"1817",-2.2055343781363,1.98848498147215
"1818",1.51493032528375,-0.724428933286787
"1819",-0.522284631003377,2.41135151896994
"1820",-6.31456018171957,0.0185015222880143
"1821",3.98720002370715,0.877731228676386
"1822",1.10084563143237,0.601274495880146
"1823",0.50046949200861,1.68825973773909
"1824",2.26288229755688,3.03102949538619
"1825",-2.05456211186989,1.02068386113184
"1826",1.67312000837483,2.85941698371459
"1827",3.30945079388402,-0.0919344924176215
"1828",-2.72249000916256,1.52318550474405
"1829",8.95062841373504,-10.6427353438538
"1830",-9.0547938857447,-1.10149595709802
"1831",-8.0349360752863,-0.670186301923006
"1832",1.69737662621056,2.65087332219684
"1833",4.8919707834235,0.38821949976563
"1834",2.44371669549785,1.7740696166508
"1835",1.17289361823775,1.22548778775733
"1836",-0.837306989153497,1.96526454182472
"1837",-2.71587262404483,0.330818316747827
"1838",6.19579509214806,0.303488177413181
"1839",3.14923887286361,1.32898564831166
"1840",-8.02054200172974,-0.374249747293535
"1841",1.77249345915844,1.55491444633099
"1842",-3.4555952884227,1.13323519275365
"1843",-0.820101578272751,4.57103813039342
"1844",-0.198814159041007,0.413809896878719
"1845",-6.94213444413742,-6.59217273264478
"1846",6.38088757234248,0.650805465679215
"1847",2.09505695259096,-0.41544616205774
"1848",-7.39863818684614,0.0538578883941718
"1849",5.2789108337878,1.21636220842639
"1850",-7.27755279121356,0.113075848036477
"1851",7.42754587653311,-0.960622419644929
"1852",-4.32872271360259,1.64317168204063
"1853",3.80391259027996,1.33469649991723
"1854",-2.5828204348956,1.67278346639021
"1855",3.49151070567324,-1.67955012564798
"1856",-3.22523800472925,-1.49942129889873
"1857",-3.07362990888999,1.81510971232363
"1858",7.82469294234989,-2.77115962448189
"1859",-0.0774963077504942,-0.353098951889258
"1860",6.44881338096797,-0.802680581342595
"1861",-6.84437724010419,1.51356646788158
"1862",-2.58185701018282,3.97018326286666
"1863",5.46854954227414,0.498400085023595
"1864",-7.41406885136832,-0.271313669141268
"1865",1.5916475907904,2.50178680651494
"1866",-7.6460767974265,0.0661231767718178
"1867",4.6495372303071,-0.312842768912637
"1868",4.79031287777812,1.0616083585723
"1869",1.87746486949491,4.62557207099861
"1870",7.30918502411346,-1.99391850113477
"1871",-5.25181074841357,0.329639970710281
"1872",-2.09450731256715,0.243200128159774
"1873",3.23210826799188,0.741202668201457
"1874",-5.35899674456367,0.572209932033219
"1875",-6.82353914261886,1.84498594481409
"1876",-7.5671612322435,0.451102212871573
"1877",-4.00424929995506,1.27957386802403
"1878",1.77321020446686,1.51380349725528
"1879",7.21852335747365,-0.495663229806611
"1880",5.1428686677255,1.26766100158655
"1881",-2.65059800042444,-0.736697145251328
"1882",8.85110007893831,-7.36596175652428
"1883",9.33046617937553,-6.26600152146067
"1884",-1.96953051235904,0.225101833457121
"1885",1.54063754055153,-4.04297523791806
"1886",2.92114508302206,1.55572365378368
"1887",-2.57217864167269,1.68638643591256
"1888",1.63950298619483,2.4702263888143
"1889",-8.47172830542946,-0.556082784151196
"1890",-2.55736155202022,1.87594813149971
"1891",-6.49946541670726,0.662579346101782
"1892",3.47678569088775,1.49706234430012
"1893",-4.96587143892,1.06353954385128
"1894",2.93767317831462,0.807396938656281
"1895",3.14655647788956,1.12317282133893
"1896",-4.10268464367676,1.34543060865284
"1897",-2.90503542642119,1.38902975134097
"1898",1.83858146116667,1.01432751906525
"1899",1.04319773203441,2.1944142513346
"1900",7.12474303941198,0.869400959365512
"1901",-6.59253454354679,-6.10384661895133
"1902",-0.833252975713931,1.89731468460307
"1903",-5.47073044835713,1.29986469897936
"1904",-3.44870570876585,-12.2130649311429
"1905",1.78270571704867,0.808335221301689
"1906",0.327708698393966,3.11154847106796
"1907",6.46561642404195,-1.20829852587772
"1908",-3.66576183734744,0.461725054083781
"1909",7.42492091549177,-0.894043629202218
"1910",-5.98312456898626,1.04560023513441
"1911",7.74992896641567,-3.23037736338814
"1912",7.12863613536116,-0.230708580040532
"1913",1.41833063771101,1.63379650430946
"1914",-2.161606175944,3.38342575790996
"1915",0.755210168813902,3.57734713567087
"1916",-0.413905046506818,-0.0420726408770245
"1917",1.07767562429433,1.32468401185971
"1918",3.34424311050254,-0.578133647232898
"1919",6.96165875609236,0.325337231423608
"1920",1.13774127272115,0.543171897228468
"1921",-3.03347210268714,1.65534188891206
"1922",-2.57915569345437,1.28587844643904
"1923",5.22621705453632,0.58363460056642
"1924",-3.73565333364077,-4.20150007206837
"1925",3.88671843900629,0.928823075565972
"1926",5.8926529844856,-0.159189253142673
"1927",4.65174399752551,-0.321504594159252
"1928",-0.490185578848517,3.52273626034874
"1929",-0.597976975362509,2.2405568742231
"1930",-4.42777370651344,1.56849875794437
"1931",-4.41992710206235,1.0784633687395
"1932",-0.00856326111177147,1.77580825938359
"1933",-0.968252947453594,1.84506619047283
"1934",-2.39690491721769,2.93665747339039
"1935",4.30787123424376,1.1731683332376
"1936",7.34103975522588,-4.55315053057542
"1937",-1.70525506428178,0.739696920777222
"1938",0.470547142153048,1.39435273123369
"1939",-6.8514648426797,-2.54150388969759
"1940",6.32598082393278,0.495968733657784
"1941",3.03926132474438,1.3463105449707
"1942",7.39363812326169,-2.08782294208073
"1943",1.34780045151533,-0.0795695026984952
"1944",4.7684588279243,-0.350016316174127
"1945",4.06693123598802,-3.91620698306885
"1946",-5.67123501836585,0.914384737654691
"1947",3.20382395402547,1.002485557413
"1948",1.08267067104243,2.92033121318962
"1949",-9.01413403732959,-0.878664617003575
"1950",-2.97687855773489,-3.11884527087086
"1951",-1.82032402302689,0.251911134259047
"1952",1.17692826590484,1.83850220555575
"1953",-1.20559847799408,-0.156130864162215
"1954",7.80904663419501,-4.76752423363286
"1955",1.28599080680317,1.57318227784841
"1956",8.60808467156829,-5.64324662796086
"1957",3.36700907008534,-0.506075565279941
"1958",7.70525091599123,-1.4475955179917
"1959",-0.620364161439719,3.58107128944274
"1960",5.00767247271942,1.03243636960818
"1961",4.06392822711903,-0.591240103297682
"1962",-4.30735345713408,2.86422251142386
"1963",-5.80858467112285,-2.68638846347674
"1964",1.26124961708803,1.69861037003299
"1965",-7.09031382878569,-0.1839921440524
"1966",5.84652446963285,0.927415067172348
"1967",9.45641648727448,-6.17644754780236
"1968",3.91145514942349,0.834359697313222
"1969",3.91145514942349,0.834359697313221
"1970",3.91145514942349,0.83435969731322
"1971",3.91145514942349,0.834359697313219
"1972",3.91145514942349,0.834359697313222
"1973",3.91145514942349,0.834359697313221
"1974",3.91145514942349,0.83435969731322
"1975",3.91145514942349,0.834359697313222
"1976",3.91145514942349,0.834359697313222
"1977",3.91145514942349,0.83435969731322
"1978",3.91145514942349,0.834359697313222
"1979",3.91145514942349,0.834359697313223
"1980",3.91145514942349,0.834359697313222
"1981",3.91145514942349,0.834359697313223
"1982",3.91145514942349,0.834359697313222
"1983",3.91145514942349,0.834359697313222
"1984",3.91145514942349,0.83435969731322
"1985",3.91145514942349,0.834359697313221
"1986",3.91145514942349,0.834359697313223
"1987",3.91145514942349,0.834359697313222
"1988",3.91145514942349,0.834359697313221
"1989",3.91145514942349,0.834359697313221
"1990",3.91145514942349,0.834359697313221
"1991",3.91145514942349,0.834359697313224
"1992",3.91145514942349,0.834359697313222
"1993",3.91145514942349,0.834359697313221
"1994",3.91145514942349,0.834359697313222
"1995",3.91145514942349,0.834359697313222
"1996",3.91145514942349,0.834359697313223
"1997",3.91145514942349,0.834359697313222
"1998",3.91145514942349,0.834359697313221
"1999",3.91145514942349,0.834359697313222
"2000",3.91145514942349,0.834359697313217
