"","V1","V2","V3"
"1",1.82366919345154,-0.154344847813714,-0.620915707185693
"2",1.80088528525932,0.545315826597272,-0.241418850027843
"3",5.17329765910568,2.51397077848518,0.11389433675255
"4",3.15640126529557,1.64450384487553,-0.996119250882266
"5",-0.171079808175985,0.119990436356373,-0.0719213546239033
"6",1.55936878389622,-2.91200650535085,-0.951930377336821
"7",5.74607996001721,2.92116040942765,2.34546424360665
"8",3.18360601890007,-2.91498871620248,0.58582731619903
"9",3.93561555073188,-0.464980525467889,-0.701788620925446
"10",-0.438043807570991,-1.47956484780517,0.307895030661427
"11",4.25125307324581,-2.98773386752172,-0.305707693206227
"12",-1.22096180420569,0.975789115167968,0.0152338831393341
"13",2.7938361966415,1.40599230865559,0.506836215453839
"14",2.2437779835235,-0.851116671762706,0.364238190664312
"15",2.36013508375501,0.737725608706597,0.708033808434961
"16",1.86214310645121,-0.949551031753146,1.18798031514228
"17",3.14782497673849,-0.919459240921303,-1.06698650414034
"18",1.42948768246366,3.85700425538586,1.47487503350936
"19",5.00184797612414,1.1935782253423,1.77890454455743
"20",-0.671358428015661,1.81548149749951,0.610599966305351
"21",-2.94145828461972,0.120630808814308,-1.21161699786918
"22",-2.81523649054923,-1.62453351028414,1.22526143884373
"23",7.1371046001867,0.231175709017995,0.533142302523074
"24",1.51623309534502,-1.12434195062638,1.19378312323216
"25",-3.56506881931539,1.6398430250496,1.06057313282132
"26",1.74544195756448,1.41005311821913,-0.691730088923432
"27",-0.0166438978215043,1.050086582167,0.177322816691532
"28",2.05425573926906,1.08680593154171,-0.052098750775319
"29",2.7684567473085,-1.12562908118989,0.445271241015666
"30",4.63387858036047,1.06995808110987,-0.737478257371197
"31",6.71887403904851,-3.42173290418833,1.18936397811322
"32",-1.21900408985878,1.39035042474965,0.219249471709721
"33",-9.51784583393383,0.194989079523356,1.21325396596315
"34",-1.0711165166191,0.837222295233185,0.55045709665946
"35",3.81134579744871,-2.90583900319228,-2.5420714952567
"36",-0.633269942870452,0.725885145497461,-0.406141246907679
"37",6.08115129327345,-0.673203223340138,3.51983364271143
"38",1.56472214097527,-1.61806504083223,0.51518551835672
"39",-5.63062496081081,-0.908458230499791,0.533090183685111
"40",-2.11939609320925,-0.676653420022564,-0.193055118127736
"41",2.27792617914121,4.7907375215113,1.6227211153923
"42",-2.16909340773339,0.288404726760421,-0.481038322201573
"43",-7.53304845416878,3.23712479694548,-1.66421239028765
"44",-1.42395964630892,-3.12885824679779,0.491737601698083
"45",-4.18901809026941,1.04035204764743,2.03228294008337
"46",0.41210832691352,-0.743444426374531,0.00279938650545301
"47",-10.9505653733987,-6.93421107338205,2.37110536494501
"48",1.52947584313098,-4.45245967870877,2.43695900117936
"49",1.24872767695689,1.47586889278029,0.444472684953415
"50",4.65374522544727,0.259592002732409,1.06087931137292
"51",0.887033537654339,-2.92476164112047,-1.48278950267083
"52",0.406949801876962,-2.29661402819686,0.172079273651913
"53",3.32243464581281,-1.62701816433503,-1.50726673851967
"54",2.79695523572621,-0.56843083093635,-1.0669658558498
"55",5.00178170990659,-1.80878259659924,-1.88101595375944
"56",4.68936070145049,1.68573610851562,-0.173029365390907
"57",-1.86554320858059,0.755987129729276,-0.21051152763612
"58",-0.295435208067704,-0.678115917419147,-0.328283656431865
"59",4.80931412468767,-0.669470743541929,1.47839824500185
"60",-6.12899428907513,5.89354970702983,0.845888260548527
"61",7.12944553567929,-5.38791099125704,-1.57799059742652
"62",1.74104692397442,-1.67541074300084,-0.361815276962685
"63",1.53891505011515,0.746974140867809,0.327123368187211
"64",-1.87298373476309,-0.674245256278734,-0.425842927967865
"65",-0.300136270305608,1.15374630384624,0.707360308259004
"66",-8.08790218896277,4.13525209177678,-0.62790806986058
"67",-10.7964992239117,-1.66946649287759,-4.64713491556457
"68",-3.43561330122915,-0.781176722174198,0.532693325113769
"69",2.93511192137787,-3.05742536770755,1.19427710646271
"70",-1.76351254241322,0.0773502231040924,0.369786049808008
"71",-2.0051385861718,-0.667570844094278,-1.44977599830105
"72",1.78040907821688,0.478231861887584,-0.0694654883003188
"73",2.80391537680321,-0.322161526706271,0.130850944737641
"74",-0.606865952030186,-0.0936296499321406,0.163667452714956
"75",2.23378960097404,-0.160510650514803,0.367790466908477
"76",1.55967601586371,-3.52681532318213,-0.204632524538734
"77",-1.60242250857136,-4.29246487278919,-0.255873190939746
"78",2.10938885622823,-0.0155125207215526,0.579802755274488
"79",0.0774954593704007,1.21703503581795,0.367409663072372
"80",-4.2128076383402,-3.9029695580865,-0.996640424782665
"81",0.174133487100398,-2.97963893725982,-0.970441576197975
"82",2.23900287384816,-4.80939363250788,-0.00399143988015863
"83",-4.32087092338015,1.40544180897184,-1.01662027827572
"84",5.17024374233797,2.68157875333894,0.844477207465434
"85",2.09160543948339,1.39597087137209,0.610507618367072
"86",1.51939783793787,-1.92373389290902,-2.20199517189684
"87",-4.998218877848,0.563983553026382,0.368452383203117
"88",4.90171961001165,1.64533860605991,-0.722462456481536
"89",0.411254354387349,-4.38913702457298,-3.32541166736184
"90",5.20156929665503,6.54508594355749,2.37453279704896
"91",0.0702794252517186,0.224213213301463,0.147449800972591
"92",1.20914462496252,1.22713766175027,0.952791105381558
"93",2.42595469109003,0.288421789793514,-0.823216812283308
"94",4.3782099440333,1.73913658194946,0.940500272035734
"95",-1.17112909191935,-0.579895067266074,0.603583756527957
"96",4.67122642606316,-0.0294761366552674,-0.758653760892286
"97",-2.61398325869573,0.721455198889915,-0.798767036139005
"98",0.0433071300393656,-1.67537672092248,0.361609293898793
"99",-2.96088120048346,3.02482789691128,0.61078886938198
"100",3.64701533130859,0.895964381050988,0.244297183631231
"101",-2.28479038246803,1.09359551512381,1.05895320547753
"102",-1.71117450773888,0.483319420057724,-0.558850851890012
"103",-1.21894894385912,0.355595574794191,-0.197019801501904
"104",-1.90301965876476,1.43980251692231,0.138959583508196
"105",-0.560645245446471,1.61992638959019,-0.367578612473103
"106",-4.71741190255148,2.84869032533512,0.938367199254755
"107",3.03770373660303,-1.43999419683808,-0.234105475713822
"108",0.495300222453769,0.660446002831958,0.198875967879594
"109",0.411149429891469,0.543557703213305,0.0816101490596007
"110",-1.82799756298671,0.574363828013932,0.937407726919148
"111",-3.36370229519697,0.732458792914038,-0.0361493107055485
"112",1.81018488876883,-2.31967681882295,0.0390488885087358
"113",6.77292603595436,-5.99097813238834,-0.951407991241454
"114",2.66031462620113,3.39068160424483,-4.46070953166063
"115",-0.627728708642106,5.98768229734124,2.30967495816839
"116",5.2434977625932,-3.10488437920923,-1.97356682750638
"117",-6.96702968788845,-0.894886312255905,0.579519250536196
"118",-0.755427278385422,0.143417795285594,-0.338283806667656
"119",-6.30140622598735,-4.53154891341137,-0.518610957627689
"120",2.55099319054837,-0.892158366723184,0.367804328435329
"121",-1.87668931378085,0.952142900615256,0.843907590811282
"122",-3.19119086814989,-2.98913398751096,-3.57814706374634
"123",4.66286026283661,-2.39523876926153,-1.50974845481735
"124",2.82515128115741,1.02224661610637,0.0121672580594708
"125",-5.19538889467204,0.578504042601139,1.63652879471332
"126",-4.07011744301407,-0.020373406495216,-1.21074936983709
"127",-3.87416340462579,-4.92688948676283,0.130003290993649
"128",1.20847677981025,2.17451289038265,0.477664777314757
"129",-8.51801946830396,0.671538738547693,0.0339818029660195
"130",-6.14072533460346,3.00640517639627,0.687786734397145
"131",1.80832801513899,-0.740433977917086,-1.27430769164255
"132",-1.87420330444717,0.0510140593450724,-0.0711355215421372
"133",7.13172542090914,1.0759597080591,1.46962899780471
"134",2.10019115114014,1.66277915740936,0.499756318615524
"135",4.38432794712283,-0.331362543387386,-0.976301722253522
"136",-6.84497473311612,0.861670086014645,0.366127624171404
"137",1.86459409264344,-0.140852161753692,-0.51611896911318
"138",0.0688957250641655,-0.203343329600348,0.281776285502464
"139",-3.56102003329314,0.708075683408194,0.330097059323338
"140",5.99947673840078,-2.30726435401237,1.3566725750058
"141",1.52783568565205,3.46806965641241,1.41743501981645
"142",1.57663331624059,0.420228720028037,0.364506644291131
"143",1.77929262938741,2.30573955453344,1.01911655192541
"144",-1.61855524557938,1.16966164876785,0.741445009505798
"145",-2.00436536372736,-1.21028603330342,-0.200384646960111
"146",3.9960783822894,-2.98590815593968,0.329998673582325
"147",6.98496075947562,-2.06329886603587,1.48942056592442
"148",0.0531782652190118,-1.32865879526017,0.130012638282797
"149",4.83971405581985,-4.29604483289552,-4.38487308878034
"150",1.609056518555,-2.32409915195101,-3.59516034568573
"151",-1.13503312947032,-0.707083584694968,-0.742803773439306
"152",6.96204639518284,1.94996683772543,0.84512913569727
"153",-3.00245288076907,1.13799625148121,1.35816863627471
"154",4.42217861844231,-2.07934518207571,1.64980777835442
"155",4.81784268767936,-2.16434035374348,-0.698440624497846
"156",-1.58765405643436,-0.199656935769517,-0.188121579474977
"157",1.04622068648567,0.218806872718038,-0.500991072315028
"158",-0.398393710775692,-0.0465901814161326,0.38509332355075
"159",2.89091898903625,-3.00214852113305,-0.718712036258426
"160",0.110181986325163,1.42120054352959,0.715873190651572
"161",1.00524971129516,0.95188413311377,0.00874016746637765
"162",3.14597485731828,-2.97976318339518,0.234093453239287
"163",1.75713857089204,-0.551610848880757,0.23091579990581
"164",3.06602230365003,-0.19514617192808,-1.32200329598017
"165",2.12259135008925,1.14306142197051,0.296438469556898
"166",-7.67537375197368,1.78395237389411,0.0305384862440649
"167",2.81017991479127,1.66163621314348,-4.30588329175822
"168",4.49333794154377,-0.0154389436470003,0.0259674514369442
"169",1.37061810070304,-4.30639179478017,-1.81175873599843
"170",-5.14670045281233,-1.37805311435247,1.05377112812359
"171",-3.7342839858273,0.674719024458658,-0.367584663832724
"172",0.441967602180891,0.323617377236954,-0.947395492841745
"173",3.77048415976037,3.78718912503111,0.502535746572085
"174",2.80049471924557,0.269712599153751,-0.220190210254941
"175",-7.65839832313198,3.80729672930444,-1.89569406062158
"176",3.1781701143486,1.83338880146065,-0.376729304390191
"177",-2.1750983876042,-0.331334804357956,1.19373218375736
"178",-2.51183910808463,0.128527110503868,0.533312692794905
"179",-0.0491077395553792,2.29482291619049,-0.608432430180223
"180",4.54090083808871,1.8480912480484,-2.61032187626162
"181",1.19608725971107,0.73563672219767,-0.752571606825436
"182",-3.34512943937031,1.76010168150443,1.65259743582575
"183",1.2081947710963,1.8263461863357,0.609337067392359
"184",4.01985588268631,-3.54061360939607,0.0426839085883421
"185",0.843979829312283,0.68996019326762,-0.00507420201305798
"186",1.36180033541568,-1.7349689204149,0.954117246754868
"187",-1.22308463241206,1.11150789991545,0.42750012822017
"188",7.14560467102451,-0.0214502665244131,-1.92053625175938
"189",4.93397153607751,4.15362907907182,-0.303866103506382
"190",2.48212397119151,0.268087413550479,-0.236694365978545
"191",4.45191713846589,-1.6857691060505,-0.0954738266644103
"192",4.6983998154994,-0.24257482887578,-0.484759318573795
"193",5.50730437485019,4.23238107319672,1.80750190789423
"194",2.04447772450746,0.108968349011062,-3.53927224627884
"195",-5.06367342072071,1.07719125067935,0.546527478652176
"196",-2.49919456579529,1.68535546028047,0.225673701948751
"197",5.47493739842315,-7.02155041200423,0.323519380062494
"198",-4.43197559685461,1.66545691886885,0.498677552242377
"199",1.49119149760928,-0.331399066245514,-0.521935537966875
"200",-10.6058887766316,-7.02296932090845,-1.1887326285525
"201",-0.124408739517122,0.410906345186402,-0.000528928523968881
"202",-4.97863079492617,-0.80082949173555,0.11100730822848
"203",-1.98861233226982,2.61324144819039,-0.0445908608623634
"204",3.0722087417179,-0.981884598732426,-0.992195207467381
"205",-4.6265436610259,2.04226401524446,-0.855391839614606
"206",-1.44304587339634,-7.05562313964749,-0.754813456179541
"207",-5.79457654185086,3.81859433226595,-0.195403294143172
"208",5.62617143122905,-2.99741435175694,-0.206409095545243
"209",2.7870593178839,6.81007374722968,5.61563867479808
"210",-7.25161350322009,-0.400865898280662,-0.0252024757667
"211",6.00007605442965,0.12092550095559,-0.611707884606878
"212",5.17486351184961,-4.72839268728063,-1.98199925246666
"213",-3.10689073449439,2.25148637719945,0.366930213931295
"214",-3.18646018037838,0.309796145760855,0.0754529925055235
"215",-8.37372160022967,3.48308593299501,-0.519703045705685
"216",-4.24824911829896,0.288328544675251,-2.42315528427545
"217",5.0201232832829,-6.97403642189573,1.19343989106375
"218",7.12570816442205,5.44020961170988,2.58651344193898
"219",-4.16170941357633,4.77516144722104,0.615661555216481
"220",1.8186577128631,1.36918451257173,-0.439703109037041
"221",-6.929152863058,3.75926294589964,-4.19650087692523
"222",-0.886536918093421,2.60075945234849,3.65383501841952
"223",3.41698919895466,-1.73167104277717,2.02960455887413
"224",3.9578192956078,1.2869183606442,-0.821771803993819
"225",-5.09622868075931,-3.36465636807785,-0.855743360519675
"226",-2.17197219770202,-0.331374625242611,-0.211676790961255
"227",4.44322098118363,0.704048636859794,0.098974298459156
"228",-3.55976998286698,0.819508578143072,0.023689631301426
"229",7.99921163114147,0.383138046588621,-1.13445215092623
"230",-1.98188580046463,-1.45203315684694,0.121518720217241
"231",-1.66343093627339,-1.67529866231275,0.0477984225939905
"232",2.83402329660038,1.40353088821628,1.13598748694028
"233",-7.70429113892266,4.93162192507278,-0.641214344881341
"234",2.61828195170809,1.69735843094154,-0.640452152196184
"235",5.03583818469186,-0.661932839392618,0.0908431190657054
"236",0.403104917706203,-0.859756609204086,-0.368646249413483
"237",-1.20681829273398,0.601633395964771,-1.01217385389561
"238",-1.63159054041828,-1.93140964340187,0.319482753074296
"239",1.39931764531347,4.08585164659768,-0.840649674637235
"240",3.94634207447271,-1.68109383446288,-0.641733559575717
"241",-4.09974148819816,2.32003947018917,-0.197246997140684
"242",1.57193202052233,-0.410938429167841,0.698766718817953
"243",1.50988808878597,-0.505060004001759,2.51692490496746
"244",1.81235669327343,0.287170434204748,-0.361764810382775
"245",3.44309688673559,5.77253384331216,2.49006493670191
"246",1.75765542099011,3.15913982556656,-0.19714294333438
"247",-1.42283319875523,-5.35412125067858,-2.53954449070347
"248",-6.18476957122287,3.27181481185775,1.90302968843626
"249",4.21989042870333,-1.67555313251269,-0.304629031585743
"250",-8.14470245292732,-4.92339029875923,-4.66443440555227
"251",-2.93461095018214,5.33814478999195,-3.11071622998565
"252",3.79842470803022,-0.678163732272868,-0.240140348863041
"253",-2.174215698711,1.11538960979994,-0.188112091885331
"254",0.0390580619711147,7.26590175580649,2.57231972667934
"255",-7.88709174862148,5.2558516266767,-1.36023721903635
"256",2.94843112526465,-6.64341353191077,2.88354697911447
"257",-1.63721379154924,-6.00556880319011,-0.972069569786435
"258",-0.449719848682515,-2.618095370872,-0.326278387413922
"259",0.726021450083696,1.64150997691651,-0.767021850351136
"260",1.50962109174827,-0.878312576093978,-1.18167729413153
"261",-5.06387801803679,0.614395514063171,-1.47222523610631
"262",-3.73039867498141,0.28447279263263,0.581188892959146
"263",-6.97531226855807,-1.43546263813869,0.197275237805399
"264",-3.7358957313533,2.48353454083893,1.03391631781079
"265",5.74918126690755,0.119100391061226,-1.56281768023235
"266",4.54940215595698,-3.01183741531423,-0.507490136143529
"267",1.25951286854867,-1.67807947778263,0.0908180546011637
"268",0.979292927295736,-3.6046664954706,0.688689889552545
"269",4.10444574997573,-1.4981105773404,-0.188100517022658
"270",0.413428410770589,-0.399825407696593,-1.3038015962646
"271",-1.62594324191447,0.645586557309684,0.608872114268486
"272",-1.09184845228792,0.376526164986661,-0.702504655287922
"273",1.55506290194821,-0.675086225269564,-0.844900801999703
"274",7.74039542820501,-6.58982920801106,-4.62621275047549
"275",-1.86892061476038,1.99953455384642,-0.574489390797244
"276",-0.665527716562218,2.68258495987436,-1.96499340262349
"277",1.10324769033464,-0.247596000529597,-0.913218347715728
"278",0.411657862698568,1.19498243824074,-0.518458071821408
"279",-1.64527327340164,1.36202244705445,-0.78844946243348
"280",-3.18084796707864,-0.331318991792105,0.13669424265045
"281",-2.96406913824353,-0.17066818142731,0.00873250562173912
"282",2.85901289090012,3.02485372234564,-0.554839078309013
"283",1.15818892313785,-0.675730645122097,-0.437367086937924
"284",7.0589049371394,0.683448200783468,-0.439818904991735
"285",-1.64081906949269,2.94183498040158,-1.56091048821598
"286",0.00268196767880023,-2.9936028256618,-0.685806518802315
"287",2.79159501508071,-1.54466486773814,-0.728924492338314
"288",-0.962493604437556,0.847557643438604,0.842742908755833
"289",4.39774858369336,1.69774170075274,0.0389626678748333
"290",-1.60544588825605,0.692515914365699,1.33541634905049
"291",-1.90365483579792,-1.53243956698286,0.900746271548967
"292",-3.13926086218808,-0.678177311729897,0.33153172957035
"293",-3.56433745144758,-1.41876772711008,-1.84790002885459
"294",4.74700304201376,1.5269005430802,-0.848833065691307
"295",-3.88221062130918,-0.800007138879409,-1.30768764189238
"296",-6.1261309782113,4.24579196605996,1.25687859308517
"297",3.09849838725776,-1.63751551680305,0.020711253690258
"298",3.49727098929632,-0.88859428037931,2.8762528794579
"299",-5.09880111864678,0.524991700409835,-0.241790262976927
"300",-3.21555302716108,-0.29881120985009,0.953193413250883
"301",7.14238965646827,-4.8970452115966,-0.0975630960797397
"302",-3.00594104839426,-0.046670434083677,-0.0814067303208333
"303",1.38875263828673,-5.87962340711627,-3.37206913905531
"304",1.51822821021899,0.206208320578617,1.88427674339673
"305",6.18735477687532,-0.394716050027622,-1.18214589413379
"306",-0.429205878519822,0.444866345161662,0.130949746609213
"307",6.21562717825799,-4.89864569629912,-1.01599499768824
"308",-5.03366028490782,1.22249168922041,0.0207070788168307
"309",-2.00295492387409,-1.66429997934488,-0.714655976108317
"310",4.63206005111846,-0.732048973846832,-0.717247681321325
"311",-6.2137779309594,-0.675418312653441,-1.07462237003483
"312",7.26377273609771,-2.98525627044872,2.56271627652609
"313",-0.620703678525019,-0.216052577161385,-0.0743158347126514
"314",-0.402592760667388,-0.00228839480964088,0.457036595078072
"315",0.406719978929555,0.107288563149952,-0.244947211436616
"316",1.51018653919691,2.6344608640277,-0.238843312552683
"317",-2.25137854560217,-0.627849828530222,-1.02163379804886
"318",-4.10135462735739,0.745721900449561,0.113026367100254
"319",-6.3097331501904,0.666850493484308,1.76785626427697
"320",4.23333258071266,-7.16470359145674,-1.74812110697823
"321",-0.601429746431385,0.730698489161761,-0.701355479055914
"322",-4.25115295660143,0.996750049059391,0.025803714094338
"323",5.60428650742402,-0.911055642553019,-2.16186962309565
"324",5.00314165963807,1.40383475431595,0.110410509878614
"325",6.51337998547576,-0.55153433894128,-0.628882121268853
"326",-0.625693669023549,-0.00569337411644374,0.0979015758790259
"327",3.88972156272775,4.73540122313256,-2.20202799150501
"328",-1.91274146341686,-0.184538672368375,1.99597214021043
"329",-1.20709239699423,2.17603080177336,0.457297534324193
"330",4.51410100480862,-5.00094757306586,1.10515812282052
"331",-0.573630840967174,-1.10708122216768,1.96476811056971
"332",4.50178853258616,1.67031887745476,0.307229356889142
"333",-3.5635961840521,0.472890375322538,1.17911700089587
"334",-3.5622846851913,-3.01134718695914,-2.28113678826021
"335",1.25735285487109,-5.15274974429581,-0.648653249286087
"336",7.1208843044113,-0.0516529693864085,-0.479759069337842
"337",-0.872134299655839,6.38046696138477,2.37437722325862
"338",-0.409703506459945,-0.986598397606751,0.173565881485694
"339",-0.387543454217912,-0.575287633324278,0.193740647627835
"340",2.86359747190366,1.49246022801332,-0.359638612732744
"341",-1.56427524821723,0.857578805542565,0.596426782839595
"342",1.5543356066188,0.240885081991928,0.359142963324119
"343",1.42006392809729,0.66952412810851,-0.446298281377448
"344",3.2418353310669,0.284799990336069,-1.06626097653323
"345",4.47340181846695,2.27295345670518,-0.195835693667499
"346",2.2417637227245,1.42400935634164,0.138411221760318
"347",2.69595657126321,1.3636214511575,-1.44363830680413
"348",9.46494238648476,-7.33066387955599,-3.60565618624506
"349",1.20239677965382,1.39196832685698,0.665739641691751
"350",3.92179724953991,3.39048403783297,-3.19924755559971
"351",-0.507573000565499,-2.91682059526071,-1.48620223923764
"352",1.53051304796539,0.715020935832937,0.064428089328994
"353",6.96029793699179,-2.9124596380069,-0.265625842606281
"354",3.17449041766203,-1.01350426263161,-0.153213154570245
"355",-8.328798145706,-0.988424489491353,-0.732014741211756
"356",-4.61727564454262,4.26392359803515,2.35230548355118
"357",-0.546425578411879,0.668294056484643,-0.4765433400941
"358",3.94201818257246,0.676057906336182,-1.60254077866154
"359",-4.4951932845966,0.0369657515121342,-1.95106891688179
"360",-1.77777234646492,-0.885562161279668,0.709313901342187
"361",5.95538722280186,-6.04897269941857,-0.345468675329798
"362",7.35374970238773,-4.74386018957814,-3.23706252217496
"363",5.31991877212554,0.343899411847982,-1.55061514164793
"364",4.3804830213924,-7.15325000879245,-3.48182604873321
"365",-1.8587741107378,1.77885684970755,0.090820056517815
"366",2.79542351272052,0.337115332253412,-0.306509999681762
"367",4.74068815847486,-1.48081081549844,0.367866672165651
"368",1.57593768336356,0.895997825509506,0.32374643887029
"369",2.86365035848161,1.19498652829299,1.32549177947243
"370",-2.16392098073739,-0.668839950048304,-2.17092428231813
"371",-0.471448897779471,-3.40261192045439,-0.584664385612592
"372",-9.77521903436353,-3.60838057213158,2.39441995864754
"373",1.86025334641977,-3.41315794887076,-0.786686137940783
"374",5.7519793666109,1.77735744414431,-0.196637886724901
"375",-7.93091777069199,-4.93514901361899,3.59542485305592
"376",3.97273256750553,-0.470515915133421,0.58171305638363
"377",-7.56405572676483,-5.37750391157516,1.41752752257596
"378",2.06910834016861,0.324226105860692,0.0908401654316109
"379",-2.27289580749551,0.134796036294551,-0.856374940929892
"380",-0.642131577457066,1.0073911510124,-0.99037259512584
"381",1.19614461107274,-0.672387775541679,-0.421612327208138
"382",5.46138004487524,1.20227083735626,-0.972994646307592
"383",1.1054276045508,1.02281670348806,0.109734626356233
"384",4.80213811585751,1.70404546997226,-2.56764617552898
"385",2.13556759130424,-0.759737796605247,-0.827750096806338
"386",0.0668946940182952,-0.0461337263042904,-0.986595807050458
"387",-0.56216218089814,0.169659292624918,0.501732120315572
"388",7.14639194786699,-7.01383092593066,-0.364393547719351
"389",0.619341615370813,1.19553474629299,0.00450956811209495
"390",1.12216741470258,0.837166563586558,0.175772421212991
"391",-6.50388871769613,-0.389789630982226,1.90630671578223
"392",-1.73037163334574,-2.71518710902307,-3.20846727761817
"393",-7.07474519783415,0.478663338258982,1.05582255079207
"394",-4.4314392408009,-3.12724394146144,-1.02146930042322
"395",3.41646890292897,0.347106387395953,1.45989595706571
"396",-6.03946841282948,4.15703163772291,-0.888501877870152
"397",-1.6333299319152,-0.559703929159236,-0.981095519375605
"398",2.52081905292966,0.492774309670417,-0.188080697453099
"399",1.57619888988217,1.37268183556258,-0.900194282056978
"400",1.10346880796098,0.422868376064496,0.0300738144445207
"401",-4.42063612127741,1.40350613230137,1.11550734237542
"402",-3.36207930697027,-0.672264017324871,-0.365939290790269
"403",-7.65705745352702,4.264052220177,-3.59624205706353
"404",3.43481213133254,0.0663516772898921,-0.240302068071863
"405",5.15848583461703,1.31931800502563,0.139173577581708
"406",-1.84369888911881,-1.4302093089204,1.72765758734534
"407",-8.15172952636125,3.78151278550599,-2.08049965293473
"408",-0.693735257538456,-2.88444843281135,1.03915211000839
"409",1.76353850883263,-0.678165753821163,0.334528539662889
"410",7.40391679282537,-9.86243046007039,-6.01907123542891
"411",0.454195486589095,0.323259236545461,0.176424332230465
"412",5.47065893989543,-0.162011047870107,1.6204706006784
"413",1.00295497449762,-1.51098661774844,0.500390230841274
"414",-1.4213887459762,2.50658817926948,-0.990993320654749
"415",3.09251519717937,0.527084887347027,-0.439603149857323
"416",0.471193672308984,3.59070175562166,0.0371292458825089
"417",-1.23239475402255,-1.41450554509226,-0.97884738740719
"418",-2.27022617686133,-0.554191955420444,0.527909746224494
"419",-1.92491635252873,0.136736212554445,-0.364397782256684
"420",-2.64102312711723,-2.53712637405395,0.744607493004404
"421",1.12587307644466,0.390439055700655,-0.434364172890318
"422",-7.00718629953707,0.653709682587623,-0.294607361653256
"423",1.86026329326742,0.231548457304974,-0.172936908362251
"424",0.174711329790985,-0.0381033275809221,1.60916496922854
"425",-5.13559162301463,-0.678274957759344,0.0298083833460063
"426",1.86541846455488,4.22395374246309,0.498195796276819
"427",2.92573458664202,-2.86464384320296,0.113293400610814
"428",1.23063479139838,0.340273110710789,-0.0377132213214458
"429",2.9513662909768,0.313807378804341,0.0985144226530758
"430",-5.10618017064967,1.83164304994122,1.029543041259
"431",6.94195171270598,3.84120149924829,1.21056826243878
"432",-0.565484137867557,0.358982443514134,-0.911394243285616
"433",6.52611245152685,-2.30302685829274,0.490169998754844
"434",1.53156704321675,-0.396275317295395,-0.764888862271996
"435",-2.66517121743616,1.41013161009997,0.548872132480161
"436",2.80068471105532,0.494632018979641,0.136881000236919
"437",7.60641281879247,-2.98839757662639,0.110082205818283
"438",8.76973031982669,-7.15638349503014,0.130002836104244
"439",7.83583852732167,-1.90629686011356,1.19392400576731
"440",-0.491953391810423,-1.63265988971184,0.00646148524810468
"441",0.0751718661483363,3.01453471270536,0.664559222497777
"442",-4.14376715190728,2.50685272006336,-0.194222804322487
"443",-5.72954329706725,-1.46477062796708,-1.01196524210768
"444",7.13128373683022,7.01617085094784,1.91797582602361
"445",-0.172505744356373,1.00106655026173,-2.77660761982935
"446",1.19603647241012,2.54355692943396,0.155179560250299
"447",1.82185295756811,0.990803998446176,0.578265376892819
"448",1.23390657030254,-0.324075817702849,0.53219344382079
"449",-0.297937848962268,0.408398467629589,1.03272108658802
"450",-3.56569373296646,1.36206454992853,0.362650787552298
"451",2.80416021045703,-1.37775555976085,0.668274557654155
"452",-1.40827197397602,-1.52368568288209,-0.319206276599237
"453",4.46629578396158,1.13420338158467,-1.21544443978501
"454",3.94650351817835,-1.67885763001029,-0.206131362267814
"455",-4.66926521685215,1.3606549262693,-0.479881211782561
"456",-5.05833078059941,1.4097006268449,1.2754989556766
"457",-2.73589952996621,3.36015941694843,1.21151866200823
"458",1.10383747134486,5.87951995958429,-1.8655798872172
"459",-1.41011434145779,1.08510762013365,-0.43906193694918
"460",1.98711667052385,-4.08167774393817,0.13196205832308
"461",3.62155017201038,-3.55167167185072,-0.365674588683621
"462",-4.43097546574746,-2.94281043299899,0.138071886344215
"463",-1.62508012263066,-0.00712905010354681,1.7188410201365
"464",0.692114630842521,0.642301648983564,0.200868743651439
"465",-1.53643019564593,0.690661270666689,2.88289340741754
"466",-1.21131697981753,-2.9178341589731,-1.18292410228954
"467",-3.88102960827708,1.44133909563589,0.131813418358487
"468",0.197816130647676,-3.57195008649133,1.46532086939712
"469",7.29282095399597,-5.6604369496152,-3.37147782941635
"470",3.20005197067375,0.286452736985865,0.327442720476594
"471",-3.19318339566222,1.67155932574555,0.712299668427091
"472",-1.17379158257336,0.0278228347046829,0.362994181611062
"473",6.53493173775015,5.87075062904366,1.84193352258526
"474",3.13347189462134,-1.03667362473293,0.579019304945648
"475",5.75258438075246,-6.37563869803454,-3.34995917836988
"476",1.54698659414105,-2.99116412724481,0.826475503354135
"477",-2.3413158357774,-1.4326468967136,0.488601363735443
"478",1.7752471374783,0.840124845891171,0.36838842096861
"479",5.21051880871076,-2.88304223944415,-2.00524209465211
"480",3.96979980345245,-1.39036498985462,1.19138803031518
"481",-2.89026591827948,-1.94566965237927,-1.57120735360676
"482",-4.40960377420108,3.22979388106437,0.0111252910807277
"483",0.110472475476475,1.84204558388927,1.34529923456681
"484",0.940254310169131,3.39561748551476,-0.640724004383983
"485",0.268876760551921,2.55249686087842,1.05220314874036
"486",-1.7216566603542,-0.759962518195006,-0.992065808000213
"487",4.66292337956956,1.63956148681667,-2.05892316358073
"488",4.79980477164638,-0.826312763014055,0.0288672920602263
"489",-3.56032301533196,-0.674942743625269,0.849156750458486
"490",-3.22398099351522,0.0269701912891103,-1.18920712098296
"491",2.86146386393365,-0.676554088552299,-0.787552106021926
"492",-1.88396852146621,-0.197721041896974,0.84539090366424
"493",-1.15336289143482,0.115488910812357,-0.361084881720322
"494",2.81497263768801,-1.00167586712062,-0.800952208077611
"495",3.38635648897671,0.14910967041055,-1.01868414343743
"496",5.16361505997944,-5.98990892772003,-2.07284073776835
"497",2.23761293038253,1.64145495297759,0.213870260766944
"498",1.33370892131662,-2.38793887908183,-0.518395099952665
"499",-6.4592026658086,-0.2041214834458,-3.34838825584105
"500",5.6646638296197,-4.9137664933807,-3.42574155696456
"501",-3.73901499062883,-6.88989655241833,-0.365195686794424
"502",-4.59871524833235,-4.92187926218712,-1.34017660306925
"503",0.694118263910141,0.214716753161518,-0.640969688918627
"504",-2.92388135709526,-2.50178097966192,-0.971767990145865
"505",1.17826220748706,-0.180322068868709,0.185697736791477
"506",-11.1091460519516,-9.88302456033278,2.3022533593196
"507",-8.65373705012295,3.00848069070512,0.0651794895433621
"508",2.20317600255531,-0.411394703282439,-0.731876538747736
"509",-3.33510794764586,1.42410974390531,0.608835638748217
"510",-2.81523145789044,0.656709855708429,1.29100407573776
"511",-7.27921113984814,-7.26877448184045,-3.22569435632243
"512",-1.19750411183934,0.952017957455041,0.0558647358581291
"513",4.47841326668609,-1.0718292350178,0.549054854886923
"514",2.81097535907914,3.0244474305535,-0.36346415277416
"515",1.75710166208312,1.82514583736223,-1.81000773035268
"516",-1.85648959370229,-5.15089352831221,-0.1687464831092
"517",2.25474494669308,1.5128808623236,0.113016752194439
"518",-1.65224759952181,0.583053488432122,0.0958328532948713
"519",-6.87596845635566,-0.250468205551942,-0.319803036283318
"520",-0.518477245900991,-0.0452058110017289,1.72643191023677
"521",-3.20931790344334,1.53096188572322,0.407750880925994
"522",-1.22321956940488,-0.883032029386563,0.130006929838958
"523",3.03039740179512,1.53698983633766,0.0758213683291053
"524",3.14558714949344,-0.672128653451123,-1.94086933952139
"525",-2.657055880457,1.64300514943,1.35828319836512
"526",7.0313505045068,-1.71460962908994,-1.06032808101774
"527",-2.15906822006276,0.478309982991213,-0.387917951524328
"528",6.20990570828562,-1.67936965142866,0.130012113673059
"529",-0.459865528266457,1.68497357567721,1.25271468240955
"530",2.79768932638818,-0.0482757999879757,1.41638657144098
"531",0.423044478797748,0.333464187255422,0.231171327682448
"532",-2.1588085275908,-0.00766076888524516,-0.351020280690815
"533",-2.45626119188253,-0.111952296819538,-0.29800289755977
"534",-0.101344874951144,0.171986810107697,-0.0379859822941778
"535",-1.84514657170142,-3.04436426269028,-0.384243535798232
"536",5.3897650436002,2.9959355754614,0.611555817064702
"537",1.52903404282232,-0.158395645447578,0.574142748621666
"538",-5.04029312395838,0.825305024935696,-0.0666847883105996
"539",-0.605200302435843,6.38732281883362,1.30534138045469
"540",-0.816000105561809,0.227868470246435,-3.26353814863223
"541",-9.77900448332786,4.4443679052514,-2.66144087129145
"542",-0.45037848333284,1.57822320410675,0.230361510170843
"543",5.00253429611914,-0.57144904825058,-1.89053077789431
"544",2.26779548792677,0.156672904052084,0.286501398092383
"545",3.42428037607085,0.288129216955325,0.36017816112799
"546",-1.84063155123216,-0.885742211147877,0.07138129050258
"547",-1.38259664616485,0.0379574069701147,-2.01624114628217
"548",-1.20405285901415,0.401365205702142,0.340203730209656
"549",-4.52290036986408,1.40374298475969,-0.988334589447527
"550",-2.5054974269892,0.380961445926508,0.610465779432553
"551",-1.63562510361358,-9.77104534105784,2.58876730372946
"552",-4.73199107167886,1.47318906050089,1.9233139728085
"553",-6.78650934477024,1.10606893275455,-1.0395050851273
"554",1.54345792825776,-0.425595098547818,-0.936174779685314
"555",1.14807908193624,0.390850795966832,1.58970273969417
"556",-4.95106224395774,-1.43308596083407,2.70119221524931
"557",1.76268298557976,1.82410461441676,-0.456595212949095
"558",1.78329265039819,0.157708675628478,-0.475382096961754
"559",-5.16968107686643,0.99984265177991,2.32424909516484
"560",4.07208980771748,-0.411154129160639,-1.30608323562862
"561",-0.0582433581545748,-0.255254175333528,-0.249607782973287
"562",0.045543010179296,3.31838946967552,-1.00320464482401
"563",4.85848532840031,1.51888166654888,0.458842676561184
"564",0.859801472968845,4.78672565295679,-0.653258818866114
"565",6.14254209342579,1.50963614454397,-1.96814732864345
"566",2.39655938537223,0.730898957354258,-0.241674523511858
"567",4.71265062802768,1.41513110468392,0.332479802502578
"568",-1.92872424436054,1.76040733194948,0.15351499432976
"569",2.24321183020645,-0.930393236444797,0.0265645392986202
"570",2.8891345480992,-6.9821494969672,-1.04557276130888
"571",1.76779368995682,-0.902366861199616,-2.72492724109878
"572",3.14236585446636,0.23129074860035,-0.640607071213479
"573",5.48427399980003,2.18029133342417,-3.35164326181382
"574",4.78900290003203,-2.71325433613572,-0.438909711844973
"575",-2.36851241496116,2.01038375691438,0.125611414688651
"576",-4.16273587819886,-0.674738474237595,-1.8018468784584
"577",-6.86581650509284,-4.78807100996614,-0.710601724818051
"578",-6.19540990582061,0.043481468942606,0.130006651917848
"579",-1.22291607148717,4.26388420926263,1.16705295075502
"580",-3.74246730528043,0.281538930028055,-0.0663112865170645
"581",2.8011454662783,1.38420386834016,-1.01413061737052
"582",4.76754162317439,-0.891940680900919,0.341217885613561
"583",1.8090192669672,-1.46393556650634,1.64913541274305
"584",2.78018603375163,-0.327073402329513,0.39637163392658
"585",-1.7802503222997,-1.68621251805816,0.00871723425524335
"586",-4.48048499930293,-6.99444890909607,1.77422931670692
"587",6.42409772221651,-2.47545787745339,-1.20470364049565
"588",2.82800628224542,-1.74461200091858,1.44356991943956
"589",1.58804714467325,-1.67541965713918,-0.621077699737589
"590",1.35191122829298,-0.372860328442133,0.457355384969609
"591",-0.0220389346911788,2.5979968069338,1.16634142275748
"592",5.00299124824685,1.02227815330529,0.846713048808199
"593",-1.39480284171358,-1.50789569008591,-0.515587580912207
"594",-1.42996834601904,-0.565850452981294,2.54261097724731
"595",1.56482335824511,1.81676186092146,0.314533413873456
"596",1.55971193179067,1.68548370065402,-0.880500124656021
"597",5.00173774366102,3.8528586584271,0.508863278809618
"598",-5.07224180747125,-0.67483915484955,-1.81656909032541
"599",1.26150060534987,1.81633994050024,2.88093652217543
"600",2.82631796749806,-2.99975145255524,0.438960223863894
"601",6.88362782626567,2.77787431932718,-0.716077998427105
"602",-1.83938316113032,0.28005873973136,0.944693818298082
"603",5.02712804155502,0.649567904419663,0.0908300691552646
"604",6.21538630614115,3.2420888659486,-1.96081647590953
"605",-2.71658907206365,-0.884548562611582,1.4168164333762
"606",7.25400824265791,1.63969063754434,-0.825835977636509
"607",4.29932319147414,1.08950099404907,0.145724640926993
"608",0.688406219887858,0.411976526659059,0.0434541391873777
"609",-3.5632341583121,1.83657090325861,1.12763160290459
"610",1.55700676926504,-0.00391542616582898,0.143503067993764
"611",-3.98932334283274,-2.74288377245731,-3.41988077670689
"612",5.75559497324024,-0.955658798362819,-4.27286475125224
"613",0.0725450302556974,1.00687536048051,0.224911957448731
"614",2.94090048800668,-0.930949131331229,-0.241000183903456
"615",-7.08413333406508,1.81767027335047,0.328534840211317
"616",6.05453657666239,0.137728547647009,0.102783537223793
"617",6.25744487176071,2.83025362432075,0.0428788267397981
"618",1.25260394205022,3.9230804288668,1.41771274891541
"619",0.411918459179526,-2.7192764646376,-0.0372155812043162
"620",-3.34752385098455,-3.25283279293652,-1.76306783509294
"621",-0.616273972768919,0.376900585359401,0.598428452015962
"622",-10.715134176726,-5.41342480795636,0.108749521981196
"623",1.82140790042338,-0.674764954742647,0.369829643553849
"624",-1.38707517719857,-6.01811253892009,1.41770499165499
"625",2.13248712805048,-1.67771740597782,0.230442153198024
"626",-7.67139802559009,-0.557999056146714,0.610798949933486
"627",0.852462508648185,-0.191391793676845,-1.36596239802885
"628",-1.56635773658104,2.10088654730459,0.344828028581811
"629",-1.62684788124296,1.39832396193418,0.61870078502438
"630",-2.55821883659145,4.17391807371246,2.43217653973669
"631",7.14697518731781,5.53921864354387,1.94222046824203
"632",-1.88682958606955,0.185777029546873,0.509349420863696
"633",4.75242175300764,-0.676930514166276,-0.0842820285213569
"634",-2.27002270375772,0.640116456613496,0.695172758978397
"635",2.82167379961123,-0.941363814786114,-0.620207166765239
"636",2.85540341957137,-3.76192085112336,0.0908309571679992
"637",-1.64761638536708,1.6900605331138,1.47041003890469
"638",7.26412897525921,0.954970403210066,-2.11079749192607
"639",0.699422184312387,0.524677092108027,0.231733941410759
"640",4.22152506922523,-5.81552481026524,-1.82646510774287
"641",-1.22312035267413,0.376402642007063,1.20520879064079
"642",3.07359402583251,1.75955224791178,-0.95248884887521
"643",-6.83038131187529,2.25405119053516,0.253989268550526
"644",4.93978096404389,1.6782919035612,-0.354034014434765
"645",4.49835236561063,0.1426684190871,0.0595735672180782
"646",-2.19644208547693,2.50852973897125,0.664632758169624
"647",4.64915046192942,-1.56571085464375,-1.01633119090355
"648",-2.33212326981724,2.51273933341365,-1.18593782431451
"649",-0.658122425023034,-6.02772061089802,-1.20527479941281
"650",-6.98171405254909,4.77941923483019,0.617957476217424
"651",1.57099394285953,2.24085098879718,0.559901647555927
"652",-4.37122752161484,2.59037376263515,-1.98556651540249
"653",-3.56516366531355,-0.177971864805388,-2.16861158519269
"654",2.79915167951846,-0.677346829216847,0.0355190482501123
"655",7.3814210573115,5.93494954936022,3.64936287253862
"656",1.54019757489132,-1.35869952646737,0.54919028033563
"657",-1.86933303156383,-2.18036328873249,0.529712710443596
"658",-1.60378718277405,-0.225121119066398,-0.365295035590475
"659",1.2658705919504,1.17771990210704,0.2211377221188
"660",5.7949015484912,-6.52153926919307,-1.03125697587332
"661",0.836891218094528,-0.666415671579177,-1.30637165065352
"662",1.34494288730381,0.667107231416892,0.580143917578567
"663",5.7690790053606,0.567946099264957,-0.626933255692714
"664",-3.32321670010639,0.287448702121487,0.149913459883232
"665",-3.561341875298,2.28528314282119,0.369759179381579
"666",3.63995430178188,-4.03549188322285,-0.61873282136325
"667",4.70027455415886,1.26541719427553,0.34152492781315
"668",1.74090202572705,-0.411525323266818,0.116367097168752
"669",2.52956042006629,0.0171291852069508,-1.0833920821401
"670",0.115653689015329,0.67434218866036,0.516729907608006
"671",4.38632411785334,-3.25074291578238,-0.234210802806833
"672",2.91966665627113,-4.9146270506825,-3.60511909842437
"673",4.46612451783883,-1.42165488767761,-0.479625400157437
"674",3.17242087173758,-0.562109556218362,-0.219006060428182
"675",0.410710829659504,-1.67246201455794,-0.239221807520021
"676",4.85554421227705,-4.83248989043221,-0.0703972215515148
"677",-6.95388315253415,-3.10645148554762,-0.437547788636942
"678",1.86530936990988,1.72440622852709,0.548164992937708
"679",-1.43139083962684,-7.16818896190163,-4.63269330918439
"680",4.0596546401461,0.565398126858406,0.404082072728879
"681",4.81218564626838,-0.674462011333754,-3.20125894956699
"682",3.18864176510979,1.42092072769409,-2.1031881359657
"683",6.23385564614449,4.79090100612204,1.02392098845694
"684",5.00148164243054,1.68638872421074,0.702343633467418
"685",3.27593730149032,-2.73772482648472,-0.275212499835863
"686",-2.16122482430792,0.981339359496605,0.74025832583327
"687",-2.5768147686624,1.37145955244185,-0.643384738495095
"688",-9.71163214828067,4.38395616151641,-5.69518062293794
"689",6.19238169682467,1.01697229443208,0.551400662822385
"690",-3.69913604282122,-2.9295779514193,3.26794801455365
"691",-2.76710192714245,1.35661379084667,0.154189227226234
"692",-6.8279041768023,-1.68673698011233,3.65603297367045
"693",0.410679902743888,1.54986409739819,0.493881158565374
"694",-2.1720357392305,1.48503041234749,0.177716380182492
"695",-0.335707272857725,2.85087859706666,1.01897360245606
"696",0.586966931366236,-0.674898318772223,-0.0369034368243045
"697",1.51518123863844,-3.49358369910339,0.530161315765264
"698",1.74433621272832,-2.99191874195978,0.432004092442652
"699",4.43645845943498,-0.18422571340561,0.44412138849895
"700",-7.89418490272956,-6.13487983564097,2.05237857764203
"701",-2.42075949728772,-5.05198466041775,-4.18982633399512
"702",-0.429250678930692,0.31286310729762,-0.147705174908052
"703",-3.56499698162392,1.41877320715006,1.20059211926116
"704",-6.63902916481886,1.55798175550937,0.592748055424955
"705",4.23729794843103,-0.173575002527213,-0.258886399738971
"706",-1.84033105044729,3.59351982452919,-0.1491535148019
"707",1.43942114796555,0.409090139365089,-0.385557325453031
"708",7.2189252166991,-6.72684325631208,-2.36651817640078
"709",-3.67681439805167,-1.28937791998348,-0.299790923547075
"710",-1.20604897951523,-0.558697335666451,-0.988122388994464
"711",3.41746741487918,0.376382626596836,0.370160590594437
"712",1.51170134288245,0.525176601939189,-1.06641645277058
"713",0.102914355615129,0.124088645804264,0.532128859421914
"714",-4.41248193308792,-4.31872053735707,0.84700325980956
"715",2.25642647642429,0.159387054289156,0.687514559650204
"716",1.81276539280101,1.41211812215716,-0.20591782784686
"717",-6.11907584802477,0.417382598546175,-0.71415136738769
"718",-4.42592554429613,1.34590814519158,0.686206066833708
"719",-3.73404141685815,2.55483534020956,-0.62023751956867
"720",7.15252192035001,-2.2930832939662,1.35810416277207
"721",6.17503049588032,-5.19342402593723,-3.44871042116979
"722",-2.96983908110864,-4.57748782391745,-0.836926282339103
"723",-4.0902878303875,1.40391782500522,0.129887475273796
"724",-5.24497624787852,2.11910139832684,1.35721412682768
"725",1.86139539171226,-0.852342055899001,1.47711758189104
"726",-3.74044448925647,1.68558909561164,-3.59589323320891
"727",1.26152380839489,-0.0478939425251255,-0.239802288205052
"728",2.89109581161135,1.37083918173955,0.0410181156253928
"729",-0.694251226791388,2.29045081134383,1.3669437733618
"730",2.23901605382003,1.76004480910782,0.164675928870405
"731",2.09113219795483,0.237386173259797,0.132858280103861
"732",2.13569082198708,0.166124023898297,-0.254086790735694
"733",3.14206410348703,-1.60270459600265,0.87731933275755
"734",-2.60248932590225,3.74993597593444,2.45607200809623
"735",2.07197816613219,1.42821049881339,0.119757816082489
"736",-1.85441138763423,2.30102559486716,0.528101012023116
"737",-1.02089573591243,0.231486925383455,0.709448705183139
"738",-0.192344406152156,0.948600393412706,0.565710658675722
"739",6.15817126246308,-5.9433140933925,-1.84019943891784
"740",6.67476161726683,6.10893688169551,0.729015884853647
"741",2.79563546088367,0.843268488077297,0.87627181146491
"742",6.12305589513352,0.39070309521742,-2.22821380767552
"743",2.80070151640418,1.08405040906948,0.610465240878974
"744",-1.70091902929737,0.651107967611487,0.621388475473007
"745",2.60437779490403,1.0181308020046,0.0684378747358495
"746",1.52810350700709,0.911266977114953,-0.488025965953434
"747",-0.872593522625462,-0.187583789243799,-1.96830896814149
"748",5.88755884274372,-2.18690381645072,-1.95322524863902
"749",1.86451541931787,-1.55868113810714,0.498457387624919
"750",0.116653127919304,2.67994064140462,-0.883762141265177
"751",5.0098774534892,-4.95142245926328,-0.314873413755644
"752",7.12367060167785,-5.09665319790407,1.01641352455879
"753",-5.19546550682915,0.952434744794125,0.462101129433827
"754",-2.06275221208381,4.25719905479817,1.79534999291262
"755",-1.43559511358347,1.00180723212555,0.579065532383078
"756",-0.65224991181394,1.26204162601208,0.843423291088304
"757",-0.257341057966525,-1.20848776005529,0.911010464394157
"758",3.41637496730911,0.704256253014017,0.512420234336091
"759",6.14944071033885,0.155594637650194,-0.892530430627325
"760",3.93711137814036,-2.67467448177028,-1.96253450839553
"761",2.10018164638198,-2.08591827742566,-0.40618778935291
"762",2.79284789721458,-0.301148046442149,-0.258677936612079
"763",0.440928526616538,0.809118032651879,-0.384284855786837
"764",-2.48060819790083,0.154558432640787,-0.187971276915271
"765",-5.38870130790059,1.18410626557887,0.22019024374802
"766",6.16159931908201,2.68031810614199,2.08011224637339
"767",7.11029030071448,2.98680279405002,-0.620950241889807
"768",1.5898768481723,-1.50044698733179,-0.274474454652903
"769",6.66118963917065,-2.91627845347562,0.0643738320509048
"770",-2.71739375364648,1.09385967056046,0.410480058473088
"771",-7.50152293927557,0.12828373528052,0.976975018297551
"772",-2.37974069968113,-2.94689454138001,-1.01412162813422
"773",6.00168150415914,-3.10336502161515,-1.88839301912174
"774",-0.958475856542071,2.89873042976079,1.02577379264022
"775",-4.8622826951786,1.75302067633006,1.16276640437432
"776",-1.85560629602626,2.10644679635484,1.01895480745869
"777",2.83849305368007,-3.58888123209436,0.394955805347799
"778",-1.81483149830925,2.34820321140254,0.0646990119381437
"779",3.3888654048552,-0.85861721293823,-0.899866111136102
"780",-6.92145058056862,-0.395705791737517,2.356473113098
"781",-2.59655171338278,0.120925479499565,0.0424479584101049
"782",-1.66919346081201,1.23878066793882,0.0113308548704183
"783",-3.18657887559935,2.38275748605883,1.04153832840565
"784",4.54197828649628,0.38209401300569,-0.990326411196257
"785",0.695417408438356,0.285910435650054,-0.353710578389245
"786",5.78265712485499,1.75086771996229,-0.248577621265888
"787",3.94667045982866,-0.859832372586236,0.357455688900501
"788",-1.65703631605006,1.1319067377716,0.0910449012257539
"789",2.12482575903055,0.0217006021964388,0.355878724167088
"790",-1.84429463566322,1.01239002970505,-0.395902657270992
"791",-0.486128131357787,1.14249016954054,0.457680304726962
"792",5.74390218418595,-6.72602639907944,-1.29808112821503
"793",1.86572947934239,1.02530090563464,0.123786194718899
"794",-1.64403925572983,1.78550796169552,2.31152939541545
"795",6.77364016215215,-4.3732233749225,-0.995962411245396
"796",-1.61552988930573,0.423163676584581,0.0967104741990201
"797",-0.288730769421668,-2.64027890525787,0.230820324368397
"798",2.13999644993472,0.189857466565075,0.0273312133699148
"799",4.42796089361556,-5.80070150298138,-0.439323251609929
"800",6.19535910858111,1.59443430605209,1.22275980206404
"801",-1.50628477207777,-0.860848420531721,-2.44437534636472
"802",1.52211025922617,0.268524129547626,-1.0201900813619
"803",2.78185305200077,0.669430616365806,-1.81375647449976
"804",6.03392042974041,4.92795473238501,2.33564623272348
"805",-0.297967926713114,-0.904618799372726,-0.368516915922471
"806",1.26645503230249,-5.08223514295012,-3.56798906543219
"807",-1.71657745901955,2.63391873593276,-2.22869701743503
"808",-0.573964712803184,-0.331355116329704,-0.285267755553302
"809",3.2105657083874,1.37179389241262,-0.245736568158011
"810",3.03767331598117,1.8027903022264,1.74830200780971
"811",3.38276917046025,0.505806062522728,-0.478445639530924
"812",0.173841872266982,-2.99173954312158,-0.607212126459586
"813",-2.49769352738883,1.76000496031923,0.360969723661899
"814",-1.21999977941154,-0.365424479651241,-0.374015078399466
"815",-0.508808538059432,0.385979164789321,-1.92637674741711
"816",7.14218326169905,0.28711039284528,-3.19895023312482
"817",-1.40172377426061,-1.02732485538641,2.44362532693859
"818",-7.86353807492279,-1.0133623885254,-0.20424126171272
"819",-8.29185595496897,-4.29281010583423,-4.63753738640851
"820",4.4622514941644,0.264916317718942,-1.92224795404877
"821",-0.551555529826285,1.4170792614386,1.05660477936332
"822",2.93380952829861,-2.99195619222814,-1.11863578947313
"823",-1.22326571819532,0.284439487594061,1.1711727278404
"824",-1.23350077700329,-4.10363062187797,-0.142339126558983
"825",-1.78322805072681,-0.554253354627408,-0.332613538416477
"826",-0.627051544187461,4.078573951193,0.166694297553746
"827",3.92029034596696,4.24332576580418,0.419500154535659
"828",-1.99560053394827,-4.90891973037481,-1.30166803672742
"829",4.8770772678909,3.24554080094365,-1.06759224353182
"830",6.01792025926387,-1.38761714841541,1.8680227568079
"831",-2.81566266230612,1.8261434507888,-0.0381374949102575
"832",2.14386201914638,-0.750992630428499,1.75835759500418
"833",-1.91257639793735,-0.646627987337257,0.146015498448259
"834",0.928633925150758,0.524459741721924,0.0911410520487702
"835",-1.27360608814638,1.83476608665861,0.268279071151612
"836",3.11608916585946,1.20731735194664,-3.20735809678945
"837",-5.35424796999777,1.75937085926687,-2.20860221453301
"838",6.31386259705518,-7.0002563447726,-0.206703452097512
"839",-0.94902463649746,0.134933677837454,0.0309312634090576
"840",1.1251901212561,1.82264604851385,1.19411699000389
"841",1.85997316480499,-0.24930353866395,0.406317620930579
"842",-1.84095377349638,-0.762471842039667,-0.481073170646279
"843",-9.76540080182347,-2.28605400732525,-0.624019872541248
"844",-1.63013575459763,-1.29217316660345,-1.20192267951579
"845",-3.54228360807811,-2.35150732562021,-0.727458614182214
"846",-3.00624583925452,4.04241070488868,3.29260048414206
"847",1.16910277712065,-0.254846820492115,0.738554223847883
"848",1.1961758285065,-2.29747023805217,-0.620436728163412
"849",1.53541821887238,0.667246107973058,0.13000327317131
"850",-2.11278677815138,0.541638195647381,0.842828140996505
"851",-5.39398619330051,2.67894972143425,0.208723727197416
"852",-0.117141699386858,-2.28069075765186,1.01947745524988
"853",3.94103245943897,-0.00863902320932911,0.0303626579490144
"854",-1.41175606430988,1.37704900654741,0.00556871085189305
"855",5.51615805910987,1.08225669032723,-2.00635538149302
"856",-6.85579467748706,-4.92901325965782,-2.32922571509543
"857",-0.169766826029357,2.68193907526401,1.45370129820003
"858",4.49687861068432,1.06759409060323,-0.439311576863097
"859",4.86606784843612,3.87547768672219,2.20633632238629
"860",1.50966258580946,0.741227170842657,0.315614473989459
"861",9.03138289833094,-2.15679141127074,1.16847071119782
"862",-1.28699270190923,0.384890826265119,-0.624401627929405
"863",-1.22337870142365,-0.0467474776567332,-0.615296922194023
"864",-5.0793072874232,-4.52004838056423,-3.39295808612101
"865",4.50394471812804,1.15901699854885,0.851408403564755
"866",-4.42762963839594,1.06173753803243,1.46005942491094
"867",6.70902466697511,-1.40528968767269,-1.96220941670037
"868",-0.890185975760252,-0.507158603633423,0.378934175671594
"869",3.94488375327489,-4.68021248492845,-2.00781143516262
"870",-3.34374560908102,1.68877163734698,1.25379582317409
"871",-1.61949041673004,0.669635532762742,-0.435568378746128
"872",4.74621624416285,0.258691952972865,0.522989644922726
"873",2.39135402683258,1.37727221131046,-1.06596184718697
"874",1.53820354897868,2.68332395233385,2.75753213441947
"875",-6.11758306472133,-7.16481086001134,2.376513735251
"876",-1.24919642714121,0.843647574916374,-0.359017582457594
"877",-2.15911473148685,0.587215294722337,0.103321167632894
"878",6.26623795384672,-4.32001942730504,-2.08278051775188
"879",-3.89618489946648,3.4172210080186,-0.409503841165635
"880",-4.8193107715425,0.284045358772173,-1.92343409382586
"881",3.09174302877105,0.759142903387207,0.670140205702749
"882",3.12877858539371,1.65941328813948,-0.0739287831347328
"883",1.31082030500906,1.02691051885884,1.19407967679036
"884",1.780712171584,0.377519603474814,2.48501538506715
"885",-10.8056609922148,7.24562170354124,-4.65479340156801
"886",-3.79029543925542,0.23111544643994,-0.106443621553573
"887",-3.8142666434069,2.41829629643923,0.712955736142041
"888",5.51229868615508,1.82451827582656,0.00948126892915157
"889",1.82872222588355,-0.836043592198562,-0.40616229557552
"890",-3.32669517781587,0.11955082076902,-0.983762291213209
"891",1.52903280277423,2.65476383164255,2.28099617111578
"892",-1.79899822551831,4.90488665797201,-3.3568573715355
"893",3.44350591780916,-1.43697220449028,-1.71048307504698
"894",1.53376199779397,3.02518066709421,0.317643670515316
"895",1.86196451297116,0.25527772012858,0.0683303771063605
"896",6.65598723261423,-1.53683743681769,-0.989653576451651
"897",-2.85147623314175,0.690075376125185,-0.387477073552251
"898",-1.79459372626082,0.81285416230477,0.22034064396778
"899",-1.7232775268274,3.67633086661177,-0.241364593816924
"900",-3.72342042238033,-2.00345947888984,-0.367123791368444
"901",-3.02734375934653,-1.06011488646195,-0.439836838042755
"902",-2.46527658203374,0.679749402291383,0.137895904415743
"903",-0.121151698650971,-1.01831750857747,0.161144943236976
"904",1.57618328007036,4.74993091289897,-0.298936262942512
"905",2.25715971578279,2.64141135343532,1.20798671370368
"906",-8.32843223866529,0.664347868692647,-0.640910219192635
"907",-6.36306447392109,3.56094871128908,-0.758232374975494
"908",-3.7055735292806,3.65331682991141,1.16110806602523
"909",1.7571000282475,0.827603542519696,-1.0658913946941
"910",-3.01726912141401,1.19882093029686,0.664600354387486
"911",0.471945361466707,-1.06801492703379,1.39999498806721
"912",5.22557765446892,1.78091223959005,0.578588517227245
"913",6.76356610680021,-4.90739770115245,-2.01504282912217
"914",-2.31871006676803,2.66768324935654,1.49265134533884
"915",-1.87877923515013,1.80804134334612,-0.0197787009169941
"916",1.53709362657396,1.75992676831594,0.32356373843121
"917",4.46871676811243,-1.33017947955768,1.84010342390728
"918",-5.61037759433351,1.72593320120479,0.737672293087466
"919",-4.50549961457454,-0.670822777039253,0.532240579660857
"920",0.468696345024784,-0.198042059710705,0.0664262376311431
"921",2.10248231059891,-0.554024500023367,-0.856221739398116
"922",2.70475083460334,4.26414376949952,2.88380709717435
"923",-0.602256368501701,0.0100576365978012,0.623646159246043
"924",-1.62713370031005,-0.891169259971171,-0.640496465956998
"925",5.74534229510103,-1.51925685788183,-3.21198347869369
"926",0.475297669482137,-2.94437079267717,-1.00664526564845
"927",5.1769654133203,-7.02384437770178,-3.25262069048535
"928",2.26431729921234,-0.329920044937848,0.469628139027641
"929",-1.8434842219718,0.0365570493303171,-0.654255426746292
"930",0.0572702998160964,0.805819704919513,1.10840942748346
"931",0.156561852405876,1.48936369318148,0.27071976719978
"932",3.94754754642005,-2.93973527765571,-0.244242384591618
"933",-3.16613134651214,-0.141654581069924,0.0408702987027107
"934",6.72583135552877,-0.949474010336439,-1.96185540947747
"935",2.7920549997192,-2.91907112525698,-1.48679392214935
"936",-2.72517543196884,0.94189924382601,1.01385017896349
"937",-3.00706644128657,-5.24637417045298,0.365350733822591
"938",3.89773338699427,-0.196171231538267,-0.868308878088987
"939",-4.95010482687841,-3.46976381256956,-3.20094422905779
"940",-1.57711771261128,-3.11195622962186,-0.728023523641628
"941",6.11487990888158,-0.328210056250934,-0.936395136643932
"942",-3.36582481545762,0.523650959867701,-1.06642947306611
"943",2.05395806551174,0.262376817150986,0.544292635165759
"944",-1.86809919466921,2.99511461393323,-0.238108894669143
"945",4.65058606704241,-1.675373454757,-1.86466435135528
"946",-4.41445724095558,3.01420567449447,0.610338967615357
"947",-4.41445724095558,3.01420567449447,0.610338967615357
"948",-4.41445724095558,3.01420567449447,0.610338967615357
"949",-4.41445724095558,3.01420567449447,0.610338967615357
"950",-4.41445724095558,3.01420567449447,0.610338967615357
"951",-4.41445724095558,3.01420567449447,0.610338967615357
"952",-4.41445724095558,3.01420567449447,0.610338967615357
"953",-4.41445724095558,3.01420567449447,0.610338967615357
"954",-4.41445724095558,3.01420567449447,0.610338967615357
"955",-4.41445724095558,3.01420567449447,0.610338967615357
"956",-4.41445724095558,3.01420567449447,0.610338967615357
"957",-4.41445724095558,3.01420567449447,0.610338967615357
"958",-4.41445724095558,3.01420567449447,0.610338967615357
"959",-4.41445724095558,3.01420567449447,0.610338967615357
"960",-4.41445724095558,3.01420567449447,0.610338967615357
"961",-4.41445724095558,3.01420567449447,0.610338967615357
"962",-4.41445724095558,3.01420567449447,0.610338967615357
"963",-4.41445724095558,3.01420567449447,0.610338967615357
"964",-4.41445724095558,3.01420567449447,0.610338967615357
"965",-4.41445724095558,3.01420567449447,0.610338967615357
"966",-4.41445724095558,3.01420567449447,0.610338967615357
"967",-4.41445724095558,3.01420567449447,0.610338967615357
"968",-4.41445724095558,3.01420567449447,0.610338967615357
"969",-4.41445724095558,3.01420567449447,0.610338967615357
"970",-4.41445724095558,3.01420567449447,0.610338967615357
"971",-4.41445724095558,3.01420567449447,0.610338967615357
"972",-4.41445724095558,3.01420567449447,0.610338967615357
"973",-4.41445724095558,3.01420567449447,0.610338967615357
"974",-4.41445724095558,3.01420567449447,0.610338967615357
"975",-4.41445724095558,3.01420567449447,0.610338967615357
"976",-4.41445724095558,3.01420567449447,0.610338967615357
"977",-4.41445724095558,3.01420567449447,0.610338967615357
"978",-4.41445724095558,3.01420567449447,0.610338967615357
"979",-4.41445724095558,3.01420567449447,0.610338967615357
"980",-4.41445724095558,3.01420567449447,0.610338967615357
"981",-4.41445724095558,3.01420567449447,0.610338967615357
"982",-4.41445724095558,3.01420567449447,0.610338967615357
"983",-4.41445724095558,3.01420567449447,0.610338967615357
"984",-4.41445724095558,3.01420567449447,0.610338967615357
"985",-4.41445724095558,3.01420567449447,0.610338967615357
"986",-4.41445724095558,3.01420567449447,0.610338967615357
"987",-4.41445724095558,3.01420567449447,0.610338967615357
"988",-4.41445724095558,3.01420567449447,0.610338967615357
"989",-4.41445724095558,3.01420567449447,0.610338967615357
"990",-4.41445724095558,3.01420567449447,0.610338967615357
"991",-4.41445724095558,3.01420567449447,0.610338967615357
"992",-4.41445724095558,3.01420567449447,0.610338967615357
"993",-4.41445724095558,3.01420567449447,0.610338967615357
"994",-4.41445724095558,3.01420567449447,0.610338967615357
"995",-4.41445724095558,3.01420567449447,0.610338967615357
"996",-4.41445724095558,3.01420567449447,0.610338967615357
"997",-4.41445724095558,3.01420567449447,0.610338967615357
"998",-4.41445724095558,3.01420567449447,0.610338967615357
"999",-4.41445724095558,3.01420567449447,0.610338967615357
"1000",-4.41445724095558,3.01420567449447,0.610338967615357
