"","Dim.1","Dim.2","Dim.3","Dim.4"
"1",2.26973858384145,-0.0236295704142292,-0.384631805629266,0.65278175469411
"2",3.47128128059787,1.19612364690074,0.370947062985262,0.119017619385836
"3",0.411390292567369,-0.189062826766775,1.34366053677223,0.89710371346238
"4",1.79473983629253,0.287090315891487,-0.0361488556519324,0.677738812406304
"5",-7.5535282566859,-0.906739586015393,0.716760519359317,-0.24363068895408
"6",-3.19842790179033,0.951694874590444,-0.18230513618317,0.897381694079414
"7",4.41844419583803,-0.0412416527442542,0.50420539488032,-0.0537581949681752
"8",-6.11176573425512,-0.678071845353635,0.60887615370036,0.0455424434335791
"9",3.062225774404,-0.318905068707287,-0.642054056949937,0.784835960608642
"10",4.78705243802448,-2.9923397010106,-1.9221476051032,0.257485332781261
"11",1.51176272124235,-0.735628671671564,0.0689413341678002,0.527765535408364
"12",-1.37618889282339,0.21615447788189,0.552151985768207,0.0591850255141077
"13",1.51973222167323,1.82331345133518,1.64309546789033,0.533958622327007
"14",-3.56293505545039,1.5066945857164,-0.10325518280842,0.687949290746088
"15",4.36578640652187,-0.576366574766775,-0.987968718099586,0.377263797797181
"16",7.11818217175992,-2.34067185490408,-0.691683987223452,-1.05157453622221
"17",-1.57143061179602,0.252811271409276,0.22998323585039,0.589996402636764
"18",0.868844576868012,0.0634685084266277,0.457796158363841,0.399644463373177
"19",3.08288057753605,1.19216881738092,2.13120869296116,0.299485241165419
"20",1.62879265435495,-0.18335452014947,0.0643356602785186,0.353260123899164
"21",0.405684898150983,0.724297243814633,0.842265845215595,0.286078137019169
"22",2.12251045402852,0.105883088386774,0.194921054891792,0.837637196978441
"23",5.75792108179224,-1.44239973391227,0.0254631943147305,0.0910331917343212
"24",-5.16358540082207,0.159863325291208,0.0907899307540955,0.237684553988784
"25",-5.22571092287209,0.689176767226073,0.845652377362328,1.34280751124465
"26",7.13049722901864,-3.00962655651518,-1.9466827944668,-0.554393149203875
"27",-3.36177976317238,0.376261728131145,0.688696288037665,0.662599150695327
"28",-5.09444470047695,0.953544409078847,0.0088645048551164,0.298306079604344
"29",4.48746744051033,-0.198735876997767,-0.211883200926881,0.0252136241853999
"30",-1.56120209046474,1.16444269430879,0.851825897037399,0.138132551475973
"31",2.79869392768978,-0.0513515555832844,0.0400379674242493,0.361975358188129
"32",6.93572269605881,-2.71054486548018,-1.01831773589125,-0.207258024433173
"33",0.157012401113661,-0.275363973158265,0.333554414904493,1.21856718698203
"34",-2.15950618625081,0.639607852352255,-0.336081899240701,1.2502329281705
"35",2.74591852205265,0.262905521710318,-0.315118758250775,0.816123025002825
"36",1.57729857306044,1.11555118676566,0.664717273667473,0.30685505376126
"37",-2.49708586983072,-0.5545595954976,-0.497693921915213,0.706580089651904
"38",1.21129800475354,0.844671203189019,-0.188169392359044,0.602539426745244
"39",1.12745511747377,1.41691259543312,0.444169968268457,0.585779343828009
"40",-0.462850036828823,0.352047890891356,0.140222894722666,1.2616699578039
"41",3.99662941965394,-1.68143668097055,-1.02243024055099,0.637659827305581
"42",3.92506019381297,4.23799153569333,1.16062546353107,-1.2357488023098
"43",-1.69530798090599,3.85988840739185,0.231195055750917,0.184130236922328
"44",-1.88913231269787,1.53807177660056,1.01927934994318,0.862695457703671
"45",2.89337924208428,-0.886720967844369,-0.258642566373779,0.808197654906192
"46",-1.22339103728249,3.02375273123997,0.367773723925594,0.34677515132588
"47",2.92541134093166,0.144993142264551,0.473949698694918,0.693555085146616
"48",0.413630751324743,1.1714742270325,0.163637326653921,0.324462848125532
"49",1.81379223126093,-0.903720681663649,-0.469167083804407,0.564158210764992
"50",-1.20109513201985,2.08812083462775,-0.406243998228261,0.219927479617927
"51",0.295223281834263,2.50311720585841,0.358395513393187,0.166760518339416
"52",1.12501956120578,1.77725697835753,1.16984332836009,0.127070393367753
"53",-1.66637311943669,2.68443109608775,0.499824786366945,0.623350742144332
"54",0.465047908659732,0.7054745149294,0.214880620630346,0.0981291844109124
"55",1.08804447739868,0.481608279220374,0.316080701166858,0.628994897575172
"56",0.0618458501811176,1.51546871080327,-0.282696885360485,0.0836372851049236
"57",6.01859346639726,-2.5135549353171,-1.96718857434297,0.480039801249497
"58",-0.627245013220644,1.68531198342501,0.916284855618401,0.766532291768997
"59",3.14845860584695,-0.562835626309814,0.26804395188175,0.817135837852979
"60",-1.73108235759604,1.42535008597603,0.608825105198123,1.18057255892959
"61",-4.63490750652778,3.39652235737777,0.135052673045139,0.592577788453082
"62",2.80192599557952,-0.665717718564436,-0.363946040415768,0.345733814906204
"63",-2.02706913857913,1.12988103125129,-0.640319473033412,0.777764509862483
"64",-0.639028423309156,1.72733154176244,1.04126854165565,0.458804406707507
"65",4.23285078403279,-1.1362110810351,-0.481996423495499,0.447750583700451
"66",0.956480862716237,-0.331438523073442,-0.398516751074251,1.02724474081577
"67",5.16947739664993,-1.062383076271,-0.241916198311142,-0.0502233944381177
"68",1.53699248835221,-0.932987627079518,0.0991349812528716,1.06852625823765
"69",1.92582194573687,0.381534654774397,-0.650600398411339,0.520020233823435
"70",-1.22283867987428,0.00632257199290092,-0.194881846947684,0.770541029564566
"71",0.19379577100642,1.8263686248375,-0.406126757095006,0.0836301644400233
"72",-2.94139622835199,0.231694995286075,0.226470664125078,0.901618985774971
"73",3.41754149614816,-0.762844099768146,-1.06761297816749,-0.222607592854364
"74",2.86389406473638,0.747535168417282,-0.439618344579052,0.339498981881314
"75",0.824422618052344,0.432323353520322,-1.43531792728462,0.89290316467955
"76",-1.41518671262334,1.01329270241998,0.848379932738128,0.652040618984053
"77",3.42555245026419,-0.981397088622633,0.367912623313155,0.410068554439796
"78",-0.96317482219773,0.578617196132456,0.362732948679789,0.125056401950405
"79",4.5020476283119,-0.549331656761483,-0.619992628781334,0.268267856709162
"80",3.93942176163166,0.522447256860113,1.21032101183091,0.0643016758609081
"81",1.85929716113485,-0.194012287463951,-0.0385178785516485,0.912197425464113
"82",2.50999538753906,0.412984500709743,0.090850754051042,0.00100978869283039
"83",-2.19647788860847,0.578388858559923,0.624307317472068,0.396227760869599
"84",4.20581686918754,1.66235935391201,1.49203341019758,0.313396986098944
"85",-0.948944672912637,1.83074317328691,-0.85641401059967,0.0333702236292576
"86",1.25799439333394,1.02215357738213,-0.479271997023472,0.543295142390939
"87",3.61920901346874,-0.331306165793765,0.497319904422052,0.226081979256797
"88",-4.17270966295173,-0.759656447657889,1.01553533919354,0.221288839315776
"89",3.62673300643121,-0.375038481613229,-0.732499015365821,0.309692887335464
"90",1.82231785498083,-1.29031201343431,-0.521977868693006,0.638004423622581
"91",2.95394761292563,-1.09207831082882,-0.371661155903776,0.407982092763195
"92",3.64895584200697,0.675707481890349,-0.240264240334498,-0.271776479532725
"93",6.19214751910192,-2.13225628878435,-0.968949333255263,-0.07861233877123
"94",3.37093276689505,-0.843271439996132,-0.515444157206359,0.887081723714949
"95",-2.98794536329555,3.02548660977277,-1.34661414526932,-0.110191831418954
"96",-2.15869847014426,1.68880641286177,0.582138944328653,0.0546327404705585
"97",-2.73510277007654,2.99257420167387,-0.855678619636209,0.637624551120328
"98",2.6343635445042,-0.295723188003651,-0.917777230799809,0.938923389500064
"99",-0.214835755172068,0.467611854782075,0.610868352834302,0.559707064642355
"100",-4.4284419662855,1.2029004037592,-0.074684918509028,0.893132344491513
"101",-1.21854208063552,-0.221894738423741,0.00866925954673004,1.0832684699098
"102",-2.19624976736087,1.09065571842319,0.737551037706189,0.295980827166188
"103",3.72092963371451,-1.79879762125966,-0.999182738302424,0.479375267811771
"104",6.15844237149008,-1.41223270042562,-0.233882344523647,-0.528069117212992
"105",6.73213368506346,-3.11736879312711,-0.321950710139744,-0.0192899526388481
"106",-1.79211350894332,2.31111665610664,0.296440286549978,0.317207819668953
"107",3.86559012369532,-2.26721361185818,-1.01035109007033,0.558395651481884
"108",5.00305591437353,-0.400177886639428,-0.258886736338018,0.182423653705172
"109",-4.54545474573502,-0.461731822053153,0.664129074260964,0.70200827772282
"110",-2.66615567009505,0.383478580477211,-0.526221277666122,0.979142091685643
"111",3.200817363081,0.589894175306281,0.753764490900001,-0.102087075903353
"112",1.50912055153994,0.187971683217039,-0.176703591112546,0.175871484301157
"113",2.35360964112225,0.692812121617912,0.114460819397073,0.429089990864984
"114",0.40829766415777,1.36357191772176,0.408959824396452,0.521537315780562
"115",1.19593639873781,1.34551066269705,0.610349849465039,0.140402673995666
"116",-1.10538598047383,0.654151481148372,0.701605506456805,0.611657991814448
"117",3.9552719591559,-1.67559942823197,-0.520290522335697,0.637038237964276
"118",-3.90655461807587,-1.372651955798,0.130016284568731,0.696981504620454
"119",1.03848368502941,2.29014291152802,1.19436267358056,0.0271264336769638
"120",1.74769413241302,1.02931916452469,1.11661706810676,0.42185798935364
"121",0.70392438744737,1.76045346551499,-0.727663260014113,0.379608491589001
"122",-0.532256270860606,0.836457172469837,0.853274818607586,0.823443472983516
"123",-3.83632520686333,2.25491460563635,-0.301532417060813,0.530695409078233
"124",-3.72930816648072,2.24231637569718,0.578154149988711,0.320268179602427
"125",-0.117470820351222,1.02239511512653,0.457019365420969,0.502411839899378
"126",8.43092274922231,0.0439022813396992,2.60204508782819,-0.697706181543634
"127",-5.05651103838376,0.391868821414766,0.0343698062380929,-0.344598940642577
"128",-3.02319610896362,0.641193833789864,0.17997511979279,0.923480510362998
"129",-2.86891440244191,0.992019088744874,0.544904878907862,1.13863229896801
"130",-1.42479389455203,0.810189641093052,0.712734706763719,0.812892005388342
"131",-7.96376822192161,-4.94564510584818,1.418020060918,-0.387574731611587
"132",7.1506739085605,-2.91994760677345,-1.06584980013155,-0.334575536045565
"133",-1.87290208808527,-0.196067693178969,0.0148575610388795,0.843392441863943
"134",-9.78686630275365,-4.27616729990923,0.70555064796941,0.286351407206191
"135",-3.16069237652282,0.376585446213439,1.356266492444,0.35187356879549
"136",4.39608672708319,-1.96341101204303,-0.756961041661022,0.728021221624193
"137",2.02732301427857,0.289157843188733,-0.599716986834131,1.24856197745977
"138",2.14274122760059,0.230930495010622,-0.0617691883611334,0.45041544781617
"139",1.5756139006428,1.40583631276978,1.06306045048389,0.816758112610989
"140",-2.32175525099271,0.506478805045084,0.345730314179842,0.634264121166685
"141",-0.132738135556923,1.63481135813915,-0.00502195835330235,0.569700985146542
"142",-0.00907495777832627,1.07942440441491,0.171071729177536,0.259205118494092
"143",5.51849289896474,-3.17382292833219,-1.73118467119965,0.0842489820737577
"144",-6.21517052147577,-3.09189066190729,1.77056980981703,-1.29856273300611
"145",4.83013654590494,-0.412070016924983,-0.43409783731767,0.638139324040615
"146",-0.848427168514785,2.29850423282886,0.428403502506112,0.479633883543792
"147",-3.67495764025564,0.890769532488809,0.533494297685219,0.867797938096402
"148",-2.50733988357916,1.06574369267596,1.46020123551863,0.742822054305658
"149",-3.36757640689303,-0.862192735184833,0.395708107112244,1.05700173192831
"150",1.19622933455601,-0.0105239899099341,-0.187925592255165,0.744060063260817
"151",-3.17821535302554,-0.675220225377895,0.942872186545341,0.337995239830046
"152",3.94658428470764,-1.45755262473349,-0.952894768566868,0.0748930861676038
"153",-1.62646588676035,0.669421920651859,0.487280755605539,1.73580668266768
"154",-0.300900493873928,1.00491664174709,-0.219181672177583,0.0887264048964433
"155",-7.59421858646532,0.319431597096447,-0.255709397488805,0.801606069355398
"156",6.11427460361667,-1.91869002342163,-1.22339160789761,-0.0403896512257736
"157",4.25933173473007,-1.49234125824686,-0.796938857261395,-0.191460944799128
"158",1.8633033248518,-0.678501956724011,-0.709292969693945,0.476788623786922
"159",-3.55919575783274,0.334682863847211,-0.0752529804323548,0.721964339031312
"160",-5.40421149530058,-0.392002874790284,1.19323994959501,0.50085402896941
"161",-4.1162334648811,-0.674168950253126,1.45934472290778,-0.0450272338471858
"162",1.56204450187436,1.35990766592685,-0.368381531205667,0.550586536042912
"163",-4.09670807544407,-0.89304612402328,1.31284765212831,0.0115374062680329
"164",-1.65292318461365,0.1219089303331,0.237443158809654,0.84628443497482
"165",-2.81507155120216,0.282781084897704,0.68445979956513,-0.824648546994175
"166",2.23691249500506,-4.91437892252299,-3.6074580406815,0.462166587974539
"167",1.28116147810567,3.83152526853066,-0.364858449516003,-2.01631445089073
"168",5.47244331312742,0.118214061978817,0.516209507975004,-0.975002873050731
"169",-2.40127277176025,0.66414575938728,0.108729919278765,0.919594843138653
"170",-2.46195791268813,-1.6324608961343,-0.439010364915508,-0.384835922320692
"171",0.0422251615529785,-4.40291816985343,-3.45505697474104,-1.41149173496731
"172",4.40893329390576,6.08861570874582,4.95165416974845,-2.62419651666746
"173",-11.2545270222448,-0.882699144359975,-1.87318308551071,1.16991659251537
"174",-8.60836901584236,3.75393062838267,-4.67413454542541,-1.44521259452857
"175",4.69796891928278,4.26387831340174,4.63711849095722,-1.92206584940016
"176",-6.81289497992117,-0.670788124719223,0.130001321210232,-0.0083781435161904
"177",-1.60585414720114,1.83996624328264,0.354662880806088,-0.812977486346437
"178",1.38707638305256,1.75923662198822,-0.658404221775202,0.333106392554549
"179",7.27429198143628,0.714974258226302,2.57662718245609,-0.198688913152745
"180",5.73615647590837,-0.143178329356852,2.30209808546306,-1.77311711274766
"181",2.76811578169019,-1.90403785362635,-2.23505922000403,-2.37623345399375
"182",4.45603483416343,-3.39277564181056,-1.81155214729268,-0.391027782942648
"183",-3.74762413276809,2.58248294069578,0.0665507714230711,-2.33095256603421
"184",-6.15658528374414,1.98909697424421,-6.93157571842761,2.97724572268171
"185",3.14004152527403,4.87453311103783,-1.17749497116062,-5.64779830283923
"186",5.15504083996987,-0.139483531955608,-0.99312275389546,-1.96691063822493
"187",-10.8313190830129,-4.76928622362737,-0.197453916937454,-1.13617699174645
"188",5.0012482929933,3.38905713427839,1.41629899957993,-2.22091511085169
"189",-0.614617464042035,-2.91418347539301,-1.81377774577464,1.85978382461216
"190",1.74065987800324,-6.54957494235313,-3.59475081480569,-0.0784441153022666
"191",2.24131582448532,3.55246548100183,1.90270187077206,-0.0314128544675638
"192",-3.00237898954297,3.16643971503161,0.147752455991699,-1.39483491260932
"193",0.505830380429545,0.744662072166225,-1.30093082361863,0.247538372109741
"194",-6.99565550460688,-2.29679538722209,-0.611091446527321,-2.01664617772769
"195",10.9828719262282,-5.12205878567377,2.46435185268035,-2.13475116335478
"196",5.86901620073265,-0.167985208195661,0.580565653968942,-0.953883699811689
"197",-0.274961047537673,4.26419312218948,1.74388482866094,-0.44443824714308
"198",-1.8391514743245,4.11097694121482,2.01859188718626,-0.620554770665703
"199",-7.18092572557671,1.85071713199213,-1.58432303237895,1.95985400410813
"200",7.25315669790328,-3.48524452883002,2.37831743247955,0.362813483510484
"201",5.19262526635847,-2.98498443147697,-1.30850703605466,-1.16623838986084
"202",5.64813270818091,1.64188518297691,5.36047636026579,1.95157293176372
"203",-10.5241310611752,-3.62390417183231,0.0438852439283549,0.659599502506624
"204",-4.39325696781056,4.70167460498204,0.526055623508292,1.00780586568495
"205",2.79155298023431,-1.68732573703961,0.27258599785516,1.28936689943272
"206",4.65499140144892,2.64734964015036,-1.97668946771976,-3.59659527502996
"207",-3.32381897767787,2.50937991061122,-0.782148202993872,-1.95439578366538
"208",1.54053718199954,-1.53479519630579,-1.19992909732745,-1.36551489558395
"209",-2.16744217469456,-0.410699136284506,-2.17431405988582,-2.30985960958852
"210",5.99396921396625,-6.75066932826695,-1.54369858789974,0.021045814322619
"211",-3.41725932142388,6.91477695503584,-3.3848846974279,-2.23642659951156
"212",-5.07448750020834,2.16118651165913,-0.439873094683937,0.0687441052788462
"213",7.01335631807517,-1.43164375030984,-1.95790320861753,-2.73720062404118
"214",1.5584221937153,1.37887098423911,1.2665341005562,2.10798848511697
"215",7.54457891162617,-6.05151514080535,-2.53226002463983,-0.880216083915282
"216",2.82594202885752,-5.98998103679649,-4.18111566583953,1.98617725748407
"217",-9.70825510545303,-7.02511930885037,1.56854390875513,-0.296367053023943
"218",3.41633208036858,2.12396026286747,0.328264440580424,-2.22702101794366
"219",-0.400093422001387,5.39165900616097,-0.358468377320598,-0.560326518225188
"220",-6.63822345673749,-4.29973185676356,2.35665641672565,-2.38151808628653
"221",0.685029320484533,4.95073026114238,1.4744697085767,-2.19689826350097
"222",4.63305098876226,2.85307255944028,3.17542313375427,0.263376939742765
"223",2.08299316374298,0.00903906014154181,-2.15740752916361,-1.51220007873803
"224",1.86700634379653,2.67432853937088,-2.02201814626145,-3.17887994819886
"225",-1.84622352344302,1.46576902139005,1.92070064224171,-1.85019641635805
"226",-11.1764751649171,-7.16800519621772,1.05505491531425,-1.75700608311679
"227",-3.56651437480497,4.77469431619918,-2.57912300558632,-0.884697180191937
"228",-4.43343536442968,4.80214946108994,-4.39775292400486,-2.636531111305
"229",-11.0418759286868,-7.15313970845536,0.53233409353145,-0.779397532221017
"230",-4.92812048130074,6.70483088899452,-0.620517398952469,-1.34510785563379
"231",-4.08193049411729,2.82339906955271,4.02469946267567,-1.17352562593855
"232",-9.77248033373836,-4.61134278582503,1.84802989381278,0.365256724524954
"233",-6.93598209230709,7.73879272390925,-6.03966480186839,-2.7062866259764
"234",-1.6381961486744,1.81448437562014,-0.898962479631577,5.15857868678057
"235",9.60888949696601,-5.77089764193439,0.548828632870715,-2.65028221388131
"236",-1.44495512904184,7.26523422468039,2.35001340687384,-0.741342024600011
"237",6.26326282784409,-6.990394539967,-0.981343753313185,2.06450048495178
"238",-5.35688589775545,5.89484664104275,-5.89613455614911,-1.71573470964347
"239",-8.96347930722952,1.40325654095894,-1.85533248864106,3.25047489823752
"240",-8.32428157919708,-5.37019160407501,1.35837638540379,-1.88315562817056
"241",-6.86261850895286,-9.76513324804882,3.66934911312359,-3.63891909828262
"242",-2.56565799687505,0.141490813819033,-0.15757881875059,-1.50508589386709
"243",5.28987905863234,-4.01748840102053,-3.3511632546364,0.68190529464858
"244",-10.7142456434486,-9.89249196229742,2.88089508865395,-2.4243507983306
"245",2.53787532397042,1.25137759071364,3.5536962897899,1.40152282241194
"246",6.65035025940446,-4.89780635146082,-1.49001881689977,-0.459509126268634
"247",-1.93685166977831,0.525503238015254,1.03213331442825,-0.102570788337631
"248",1.76741764453538,-1.65239242359023,-3.21021160925381,0.264596347293927
"249",-0.598654290694804,0.669706600921876,3.41709030666324,4.30486712316076
"250",4.07193085447433,1.04869905008433,1.83248593002125,-1.35683004447901
"251",-8.81122236733566,-9.85191641030998,2.88528509015462,-3.90728333305527
"252",-0.693951905329684,5.86283462083395,-4.61498177310864,-5.14111177881457
"253",5.07675587597917,-2.86913156877472,-0.623567940673505,0.204635465927094
"254",-0.57704432119469,-1.67529131948835,-3.19642297318553,1.47300612086009
"255",-7.70544266196475,-2.72393915867046,-1.48027815028737,1.04428052259088
"256",8.18605544527704,1.78205361871538,7.04464355236158,0.0393787337263217
"257",-8.33058744950888,-7.35498442169405,2.49459064568833,-4.94375622145458
"258",0.0998797790327436,3.65552182889197,1.65103351149003,-1.25301095920438
"259",-5.10114456288723,-5.42135767760151,-0.29733125674953,2.60159257214112
